SEP=,
Date,  c1, c2, 
2024-05-13 09:19:49,0.0,-1026.0
2024-05-13 09:20:03,0.0,-1026.0
2024-05-13 09:29:26,0.0,-1026.0
2024-05-13 09:30:29,0.0,-1026.0
2024-05-13 09:30:34,0.0,-1026.0
2024-05-13 09:30:40,0.0,-1026.0
2024-05-13 09:30:45,0.0,-1026.0
2024-05-13 09:30:50,0.0,-1026.0
2024-05-13 09:30:55,0.0,-1026.0
2024-05-13 09:31:01,0.0,-1026.0
2024-05-13 09:31:06,0.0,-1026.0
2024-05-13 09:31:11,0.0,-1026.0
2024-05-13 09:31:17,0.0,-1026.0
2024-05-13 09:31:22,0.0,-1026.0
2024-05-13 09:31:27,0.0,-1026.0
2024-05-13 09:31:33,0.0,-1026.0
2024-05-13 09:31:38,0.0,-1026.0
2024-05-13 09:31:43,0.0,-1026.0
2024-05-13 09:31:49,0.0,-1026.0
2024-05-13 09:31:54,0.0,-1026.0
2024-05-13 09:31:59,0.0,-1026.0
2024-05-13 09:32:05,0.0,-1026.0
2024-05-13 09:32:10,0.0,-1026.0
2024-05-13 09:32:15,0.0,-1026.0
2024-05-13 09:32:20,0.0,-1026.0
2024-05-13 09:32:26,0.0,-1026.0
2024-05-13 09:32:31,0.0,-1026.0
2024-05-13 09:32:36,0.0,-1026.0
2024-05-13 09:32:42,0.0,-1026.0
2024-05-13 09:32:47,0.0,-1026.0
2024-05-13 09:32:52,0.0,-1026.0
2024-05-13 09:32:58,0.0,-1026.0
2024-05-13 09:33:03,0.0,-1026.0
2024-05-13 09:33:08,0.0,-1026.0
2024-05-13 09:33:14,0.0,-1026.0
2024-05-13 09:33:19,0.0,-1026.0
2024-05-13 09:33:24,0.0,-1026.0
2024-05-13 09:33:30,0.0,-1026.0
2024-05-13 09:33:35,0.0,-1026.0
2024-05-13 09:33:40,0.0,-1026.0
2024-05-13 09:33:45,0.0,-1026.0
2024-05-13 09:33:51,0.0,-1026.0
2024-05-13 09:33:56,0.0,-1026.0
2024-05-13 09:34:01,0.0,-1026.0
2024-05-13 09:34:07,0.0,-1026.0
2024-05-13 09:34:12,0.0,-1026.0
2024-05-13 09:34:17,0.0,-1026.0
2024-05-13 09:34:23,0.0,-1026.0
2024-05-13 09:34:28,0.0,-1026.0
2024-05-13 09:34:33,0.0,-1026.0
2024-05-13 09:34:39,0.0,-1026.0
2024-05-13 09:34:44,0.0,-1026.0
2024-05-13 09:34:49,0.0,-1026.0
2024-05-13 09:34:55,0.0,-1026.0
2024-05-13 09:35:00,0.0,-1026.0
2024-05-13 09:35:05,0.0,-1026.0
2024-05-13 09:35:11,0.0,-1026.0
2024-05-13 09:35:16,0.0,-1026.0
2024-05-13 09:35:21,0.0,-1026.0
2024-05-13 09:35:26,0.0,-1026.0
2024-05-13 09:35:32,0.0,-1026.0
2024-05-13 09:35:37,0.0,-1026.0
2024-05-13 09:35:42,0.0,-1026.0
2024-05-13 09:35:48,0.0,-1026.0
2024-05-13 09:35:53,0.0,-1026.0
2024-05-13 09:35:58,0.0,-1026.0
2024-05-13 09:36:04,0.0,-1026.0
2024-05-13 09:36:09,0.0,-1026.0
2024-05-13 09:36:14,0.0,-1026.0
2024-05-13 09:36:20,0.0,-1026.0
2024-05-13 09:36:25,0.0,-1026.0
2024-05-13 09:36:30,0.0,-1026.0
2024-05-13 09:36:36,0.0,-1026.0
2024-05-13 09:36:41,0.0,-1026.0
2024-05-13 09:36:46,0.0,-1026.0
2024-05-13 09:36:47,0.0,-1026.0
2024-05-13 10:11:28,0.0,-1026.0
2024-05-13 10:12:03,0.0,-1026.0
2024-05-13 10:12:39,0.0,-1026.0
2024-05-13 10:13:14,0.0,-1026.0
2024-05-13 10:13:50,0.0,-1026.0
2024-05-13 10:14:26,0.0,-1026.0
2024-05-13 10:15:01,0.0,-1026.0
2024-05-13 10:15:37,0.0,-1026.0
2024-05-13 10:16:13,0.0,-1026.0
2024-05-13 10:16:48,0.0,-1026.0
2024-05-13 10:17:24,0.0,-1026.0
2024-05-13 10:18:00,0.0,-1026.0
2024-05-13 10:18:35,0.0,-1026.0
2024-05-13 10:19:11,0.0,-1026.0
2024-05-13 10:19:47,0.0,-1026.0
2024-05-13 10:20:22,0.0,-1026.0
2024-05-13 10:20:58,0.0,-1026.0
2024-05-13 10:21:34,0.0,-1026.0
2024-05-13 10:22:09,0.0,-1026.0
2024-05-13 10:22:45,0.0,-1026.0
2024-05-13 10:23:21,0.0,-1026.0
2024-05-13 10:23:56,0.0,-1026.0
2024-05-13 10:24:32,0.0,-1026.0
2024-05-13 10:25:08,0.0,-1026.0
2024-05-13 10:25:43,0.0,-1026.0
2024-05-13 10:26:19,0.0,-1026.0
2024-05-13 10:26:55,0.0,-1026.0
2024-05-13 10:27:30,0.0,-1026.0
2024-05-13 10:28:06,0.0,-1026.0
2024-05-13 10:28:42,0.0,-1026.0
2024-05-13 10:29:17,0.0,-1026.0
2024-05-13 10:29:53,0.0,-1026.0
2024-05-13 10:30:29,0.0,-1026.0
2024-05-13 10:31:04,0.0,-1026.0
2024-05-13 10:31:40,0.0,-1026.0
2024-05-13 10:32:16,0.0,-1026.0
2024-05-13 10:32:51,0.0,-1026.0
2024-05-13 10:33:27,0.0,-1026.0
2024-05-13 10:34:03,0.0,-1026.0
2024-05-13 10:34:38,0.0,-1026.0
2024-05-13 10:35:14,0.0,-1026.0
2024-05-13 10:35:50,0.0,-1026.0
2024-05-13 10:36:25,0.0,-1026.0
2024-05-13 10:37:01,0.0,-1026.0
2024-05-13 10:37:37,0.0,-1026.0
2024-05-13 10:38:12,0.0,-1026.0
2024-05-13 10:38:48,0.0,-1026.0
2024-05-13 10:39:23,0.0,-1026.0
2024-05-13 10:39:59,0.0,-1026.0
2024-05-13 10:40:35,0.0,-1026.0
2024-05-13 10:41:10,0.0,-1026.0
2024-05-13 10:41:46,0.0,-1026.0
2024-05-13 10:42:22,0.0,-1026.0
2024-05-13 10:42:57,0.0,-1026.0
2024-05-13 10:43:33,0.0,-1026.0
2024-05-13 10:44:09,0.0,-1026.0
2024-05-13 10:44:44,0.0,-1026.0
2024-05-13 10:45:20,0.0,-1026.0
2024-05-13 10:45:56,0.0,-1026.0
2024-05-13 10:46:31,0.0,-1026.0
2024-05-13 10:47:07,0.0,-1026.0
2024-05-13 10:47:43,0.0,-1026.0
2024-05-13 10:48:18,0.0,-1026.0
2024-05-13 10:48:54,0.0,-1026.0
2024-05-13 10:49:30,0.0,-1026.0
2024-05-13 10:50:05,0.0,-1026.0
2024-05-13 10:50:41,0.0,-1026.0
2024-05-13 10:51:17,0.0,-1026.0
2024-05-13 10:51:52,0.0,-1026.0
2024-05-13 10:52:28,0.0,-1026.0
2024-05-13 10:53:04,0.0,-1026.0
2024-05-13 10:53:25,0.0,-1026.0
2024-05-13 10:53:26,0.0,-1026.0
2024-05-13 12:18:14,0,0.0,0.0
2024-05-13 14:08:45,0,0.0,0.0
2024-05-13 14:08:54,5,0.0,0.0
2024-05-14 13:50:50,0,0.0,0.0
2024-05-14 13:51:00,5,0.0,0.0
2024-05-14 13:51:09,10,0.0,0.0
2024-05-14 13:51:19,15,0.0,0.0
2024-05-14 13:51:29,20,0.0,0.0
2024-05-14 13:51:38,25,0.0,0.0
2024-05-14 13:51:48,30,0.0,0.0
2024-05-14 13:51:58,35,0.0,0.0
2024-05-14 13:52:07,40,0.0,0.0
2024-05-14 13:52:17,45,0.0,0.0
2024-05-14 13:52:26,50,0.0,0.0
2024-05-14 13:52:36,55,0.0,0.0
2024-05-14 13:52:46,60,0.0,0.0
2024-05-14 13:52:55,65,0.0,0.0
2024-05-14 13:54:46,0,0.0,0.0
2024-05-14 13:54:52,5,0.0,0.0
2024-05-14 13:54:57,10,0.0,0.0
2024-05-14 13:55:03,15,0.0,0.0
2024-05-14 13:55:09,20,0.0,0.0
2024-05-14 13:55:15,25,0.0,0.0
2024-05-14 13:55:21,30,0.0,0.0
2024-05-14 13:55:26,35,0.0,0.0
2024-05-14 13:55:32,40,0.0,0.0
2024-05-14 13:55:38,45,0.0,0.0
2024-05-14 13:55:44,50,0.0,0.0
2024-05-14 13:55:50,55,0.0,0.0
2024-05-14 13:55:55,60,0.0,0.0
2024-05-14 13:56:01,65,0.0,0.0
2024-05-14 13:56:07,70,0.0,0.0
2024-05-14 13:56:13,75,0.0,0.0
2024-05-14 13:56:19,80,0.0,0.0
2024-05-14 13:58:30,0,0.0,0.0
2024-05-14 13:58:36,5,0.0,0.0
2024-05-14 13:58:42,10,0.0,0.0
2024-05-14 13:58:48,15,0.0,0.0
2024-05-14 13:58:54,20,0.0,0.0
2024-05-14 13:58:59,25,0.0,0.0
2024-05-14 14:06:45,0,0.0,0.0
2024-05-14 14:06:51,5,0.0,0.0
2024-05-14 14:06:57,10,0.0,0.0
2024-05-14 14:07:02,15,0.0,0.0
2024-05-14 14:07:08,20,0.0,0.0
2024-05-14 14:07:14,25,0.0,0.0
2024-05-14 14:07:20,30,0.0,0.0
2024-05-14 14:07:26,35,0.0,0.0
2024-05-14 14:07:31,40,0.0,0.0
2024-05-14 14:07:37,45,0.0,0.0
2024-05-14 14:07:43,50,0.0,0.0
2024-05-14 14:07:49,55,0.0,0.0
2024-05-14 14:07:55,60,0.0,0.0
2024-05-14 14:08:00,65,0.0,0.0
2024-05-14 14:08:06,70,0.0,0.0
2024-05-14 14:08:12,75,0.0,0.0
2024-05-14 14:08:18,80,0.0,0.0
2024-05-14 14:08:24,85,0.0,0.0
2024-05-14 14:08:30,90,0.0,0.0
2024-05-14 14:11:04,0,0.0,0.0
2024-05-14 14:11:09,5,0.0,0.0
2024-05-14 14:11:15,10,0.0,0.0
2024-05-14 14:11:21,15,0.0,0.0
2024-05-14 14:11:27,20,0.0,0.0
2024-05-14 14:11:33,25,0.0,0.0
2024-05-14 14:11:57,0,0.0,0.0
2024-05-14 14:12:03,5,0.0,0.0
2024-05-14 14:12:09,10,0.0,0.0
2024-05-14 14:12:15,15,0.0,0.0
2024-05-14 14:12:20,20,0.0,0.0
2024-05-14 14:12:26,25,0.0,0.0
2024-05-14 14:12:32,30,0.0,0.0
2024-05-14 14:12:38,35,0.0,0.0
2024-05-14 14:12:44,40,0.0,0.0
2024-05-14 14:12:50,45,0.0,0.0
2024-05-14 14:12:55,50,0.0,0.0
2024-05-14 14:13:01,55,0.0,0.0
2024-05-14 14:13:07,60,0.0,0.0
2024-05-14 14:13:13,65,0.0,0.0
2024-05-14 14:13:19,70,0.0,0.0
2024-05-14 14:13:24,75,0.0,0.0
2024-05-14 14:13:30,80,0.0,0.0
2024-05-14 14:13:36,85,0.0,0.0
2024-05-14 14:13:42,90,0.0,0.0
2024-05-14 14:13:48,95,0.0,0.0
2024-05-14 14:13:53,100,0.0,0.0
2024-05-14 14:13:59,105,0.0,0.0
2024-05-14 14:14:05,110,0.0,0.0
2024-05-14 14:14:11,115,0.0,0.0
2024-05-14 14:14:17,120,0.0,0.0
2024-05-14 14:14:22,125,0.0,0.0
2024-05-14 14:14:28,130,0.0,0.0
2024-05-14 14:14:34,135,0.0,0.0
2024-05-14 14:14:40,140,0.0,0.0
2024-05-14 14:14:46,145,0.0,0.0
2024-05-14 14:14:51,150,0.0,0.0
2024-05-14 14:14:57,155,0.0,0.0
2024-05-14 14:15:03,160,0.0,0.0
2024-05-14 14:15:09,165,0.0,0.0
2024-05-14 14:15:15,170,0.0,0.0
2024-05-14 14:15:54,0,0.0,0.0
2024-05-14 14:16:04,5,0.0,0.0
2024-05-14 14:16:13,10,0.0,0.0
2024-05-14 14:17:47,0,0.0,0.0
2024-05-14 14:17:52,5,0.0,0.0
2024-05-14 14:18:32,0,0.0,0.0
2024-05-14 14:18:38,5,0.0,0.0
2024-05-14 14:18:44,10,0.0,0.0
2024-05-14 14:18:50,15,0.0,0.0
2024-05-14 14:18:56,20,0.0,0.0
2024-05-14 14:19:01,25,0.0,0.0
2024-05-14 14:19:07,30,0.0,0.0
2024-05-14 14:19:13,35,0.0,0.0
2024-05-14 14:19:19,40,0.0,0.0
2024-05-14 14:19:25,45,0.0,0.0
2024-05-14 14:19:30,50,0.0,0.0
2024-05-14 14:19:36,55,0.0,0.0
2024-05-14 14:19:42,60,0.0,0.0
2024-05-14 14:19:48,65,0.0,0.0
2024-05-14 14:19:54,70,0.0,0.0
2024-05-14 14:19:59,75,0.0,0.0
2024-05-14 14:20:05,80,0.0,0.0
2024-05-14 14:20:11,85,0.0,0.0
2024-05-14 14:20:17,90,0.0,0.0
2024-05-14 14:20:23,95,0.0,0.0
2024-05-14 14:20:28,100,0.0,0.0
2024-05-14 14:20:34,105,0.0,0.0
2024-05-14 14:20:40,110,0.0,0.0
2024-05-14 14:20:46,115,0.0,0.0
2024-05-14 14:20:52,120,0.0,0.0
2024-05-14 14:20:57,125,0.0,0.0
2024-05-14 14:21:03,130,0.0,0.0
2024-05-14 14:21:09,135,0.0,0.0
2024-05-14 14:21:15,140,0.0,0.0
2024-05-14 14:21:21,145,0.0,0.0
2024-05-14 14:21:26,150,0.0,0.0
2024-05-14 14:21:32,155,0.0,0.0
2024-05-14 14:21:38,160,0.0,0.0
2024-05-14 14:21:44,165,0.0,0.0
2024-05-14 14:21:50,170,0.0,0.0
2024-05-14 14:21:55,175,0.0,0.0
2024-05-14 14:22:01,180,0.0,0.0
2024-05-14 14:22:07,185,0.0,0.0
2024-05-14 14:22:13,190,0.0,0.0
2024-05-14 14:22:19,195,0.0,0.0
2024-05-14 14:22:25,200,0.0,0.0
2024-05-14 14:22:30,205,0.0,0.0
2024-05-14 14:22:36,210,0.0,0.0
2024-05-14 14:22:42,215,0.0,0.0
2024-05-14 14:22:48,220,0.0,0.0
2024-05-14 14:22:54,225,0.0,0.0
2024-05-14 14:22:59,230,0.0,0.0
2024-05-14 14:23:05,235,0.0,0.0
2024-05-14 14:23:11,240,0.0,0.0
2024-05-14 14:23:17,245,0.0,0.0
2024-05-14 14:23:23,250,0.0,0.0
2024-05-14 14:23:28,255,0.0,0.0
2024-05-14 14:23:34,260,0.0,0.0
2024-05-14 14:23:40,265,0.0,0.0
2024-05-14 14:23:46,270,0.0,0.0
2024-05-14 14:23:52,275,0.0,0.0
2024-05-15 09:07:54,0,0.0,0.0
2024-05-15 09:08:00,5,0.0,0.0
2024-05-15 09:08:06,10,0.0,0.0
2024-05-15 09:08:11,15,0.0,0.0
2024-05-15 09:08:17,20,0.0,0.0
2024-05-15 09:08:23,25,0.0,0.0
2024-05-15 09:08:29,30,0.0,0.0
2024-05-15 09:08:35,35,0.0,0.0
2024-05-15 09:08:40,40,0.0,0.0
2024-05-15 09:08:46,45,0.0,0.0
2024-05-15 09:08:52,50,0.0,0.0
2024-05-15 09:08:58,55,0.0,0.0
2024-05-15 09:09:04,60,0.0,0.0
2024-05-15 09:09:09,65,0.0,0.0
2024-05-15 09:09:15,70,0.0,0.0
2024-05-15 09:09:21,75,0.0,0.0
2024-05-15 09:09:27,80,0.0,0.0
2024-05-15 09:09:33,85,0.0,0.0
2024-05-15 09:09:38,90,0.0,0.0
2024-05-15 09:09:44,95,0.0,0.0
2024-05-15 09:09:50,100,0.0,0.0
2024-05-15 09:09:56,105,0.0,0.0
2024-05-15 09:10:02,110,0.0,0.0
2024-05-15 09:10:07,115,0.0,0.0
2024-05-15 09:10:13,120,0.0,0.0
2024-05-15 09:10:19,125,0.0,0.0
2024-05-15 09:10:25,130,0.0,0.0
2024-05-15 09:10:31,135,0.0,0.0
2024-05-15 09:10:36,140,0.0,0.0
2024-05-15 09:10:42,145,0.0,0.0
2024-05-15 09:10:48,150,0.0,0.0
2024-05-15 09:10:54,155,0.0,0.0
2024-05-15 09:11:00,160,0.0,0.0
2024-05-15 09:11:06,165,0.0,0.0
2024-05-15 09:11:11,170,0.0,0.0
2024-05-15 09:11:17,175,0.0,0.0
2024-05-15 09:11:23,180,0.0,0.0
2024-05-15 09:11:29,185,0.0,0.0
2024-05-15 09:11:35,190,0.0,0.0
2024-05-15 09:11:40,195,0.0,0.0
2024-05-15 09:11:46,200,0.0,0.0
2024-05-15 09:11:52,205,0.0,0.0
2024-05-15 09:11:58,210,0.0,0.0
2024-05-15 09:12:04,215,0.0,0.0
2024-05-15 09:12:09,220,0.0,0.0
2024-05-15 09:12:15,225,0.0,0.0
2024-05-15 09:12:21,230,0.0,0.0
2024-05-15 09:12:27,235,0.0,0.0
2024-05-15 09:12:33,240,0.0,0.0
2024-05-15 09:12:38,245,0.0,0.0
2024-05-15 09:12:44,250,0.0,0.0
2024-05-15 09:12:50,255,0.0,0.0
2024-05-15 09:12:56,260,0.0,0.0
2024-05-15 09:13:02,265,0.0,0.0
2024-05-15 09:13:07,270,0.0,0.0
2024-05-15 09:13:13,275,0.0,0.0
2024-05-15 09:13:19,280,0.0,0.0
2024-05-15 09:13:25,285,0.0,0.0
2024-05-15 09:13:31,290,0.0,0.0
2024-05-15 09:13:34,295,0.0,0.0
2024-05-15 09:13:39,300,0.0,0.0
2024-05-15 09:13:45,305,0.0,0.0
2024-05-15 09:13:51,310,0.0,0.0
2024-05-15 09:13:57,315,0.0,0.0
2024-05-15 09:14:03,320,0.0,0.0
2024-05-15 09:14:08,325,0.0,0.0
2024-05-15 09:14:14,330,0.0,0.0
2024-05-15 09:14:20,335,0.0,0.0
2024-05-15 09:14:26,340,0.0,0.0
2024-05-15 09:14:32,345,0.0,0.0
2024-05-15 09:14:37,350,0.0,0.0
2024-05-15 09:14:43,355,0.0,0.0
2024-05-15 09:14:44,360,0.0,0.0
2024-05-15 09:21:51,0,0.0,0.0
2024-05-15 09:21:57,5,0.0,0.0
2024-05-15 09:22:03,10,0.0,0.0
2024-05-15 09:22:09,15,0.0,0.0
2024-05-15 09:22:15,20,0.0,0.0
2024-05-15 09:22:20,25,0.0,0.0
2024-05-15 09:22:26,30,0.0,0.0
2024-05-15 09:22:32,35,0.0,0.0
2024-05-15 09:22:38,40,0.0,0.0
2024-05-15 09:22:44,45,0.0,0.0
2024-05-15 09:22:49,50,0.0,0.0
2024-05-15 09:22:55,55,0.0,0.0
2024-05-15 09:23:01,60,0.0,0.0
2024-05-15 09:23:07,65,0.0,0.0
2024-05-15 09:23:13,70,0.0,0.0
2024-05-15 09:23:18,75,0.0,0.0
2024-05-15 09:23:24,80,0.0,0.0
2024-05-15 09:23:30,85,0.0,0.0
2024-05-15 09:23:36,90,0.0,0.0
2024-05-15 09:23:42,95,0.0,0.0
2024-05-15 09:23:47,100,0.0,0.0
2024-05-15 09:23:53,105,0.0,0.0
2024-05-15 09:23:59,110,0.0,0.0
2024-05-15 09:24:05,115,0.0,0.0
2024-05-15 09:24:11,120,0.0,0.0
2024-05-15 09:24:16,125,0.0,0.0
2024-05-15 09:24:22,130,0.0,0.0
2024-05-15 09:24:28,135,0.0,0.0
2024-05-15 09:24:34,140,0.0,0.0
2024-05-15 09:24:40,145,0.0,0.0
2024-05-15 09:24:45,150,0.0,0.0
2024-05-15 09:24:51,155,0.0,0.0
2024-05-15 09:24:57,160,0.0,0.0
2024-05-15 09:25:03,165,0.0,0.0
2024-05-15 09:25:09,170,0.0,0.0
2024-05-15 09:25:15,175,0.0,0.0
2024-05-15 09:25:20,180,0.0,0.0
2024-05-15 09:25:26,185,0.0,0.0
2024-05-15 09:25:32,190,0.0,0.0
2024-05-15 09:25:38,195,0.0,0.0
2024-05-15 09:25:44,200,0.0,0.0
2024-05-15 09:25:49,205,0.0,0.0
2024-05-15 09:25:55,210,0.0,0.0
2024-05-15 09:26:01,215,0.0,0.0
2024-05-15 09:26:07,220,0.0,0.0
2024-05-15 09:26:13,225,0.0,0.0
2024-05-15 09:26:18,230,0.0,0.0
2024-05-15 09:26:24,235,0.0,0.0
2024-05-15 09:26:30,240,0.0,0.0
2024-05-15 09:26:36,245,0.0,0.0
2024-05-15 09:26:42,250,0.0,0.0
2024-05-15 09:26:47,255,0.0,0.0
2024-05-15 09:26:53,260,0.0,0.0
2024-05-15 09:26:59,265,0.0,0.0
2024-05-15 09:27:05,270,0.0,0.0
2024-05-15 09:27:11,275,0.0,0.0
2024-05-15 09:27:16,280,0.0,0.0
2024-05-15 09:27:22,285,0.0,0.0
2024-05-15 09:27:28,290,0.0,0.0
2024-05-15 09:27:34,295,0.0,0.0
2024-05-15 09:27:40,300,0.0,0.0
2024-05-15 09:27:45,305,0.0,0.0
2024-05-15 09:27:51,310,0.0,0.0
2024-05-15 09:27:57,315,0.0,0.0
2024-05-15 09:28:03,320,0.0,0.0
2024-05-15 09:28:09,325,0.0,0.0
2024-05-15 09:28:14,330,0.0,0.0
2024-05-15 09:28:20,335,0.0,0.0
2024-05-15 09:28:26,340,0.0,0.0
2024-05-15 09:28:32,345,0.0,0.0
2024-05-15 09:28:38,350,0.0,0.0
2024-05-15 09:28:44,355,0.0,0.0
2024-05-15 09:28:44,360,0.0,0.0
2024-05-15 09:31:06,0,0.0,0.0
2024-05-15 09:31:12,5,0.0,0.0
2024-05-15 09:31:18,10,0.0,0.0
2024-05-15 09:31:24,15,0.0,0.0
2024-05-15 09:31:29,20,0.0,0.0
2024-05-15 09:31:35,25,0.0,0.0
2024-05-15 09:31:41,30,0.0,0.0
2024-05-15 09:31:47,35,0.0,0.0
2024-05-15 09:31:53,40,0.0,0.0
2024-05-15 09:31:58,45,0.0,0.0
2024-05-15 09:32:04,50,0.0,0.0
2024-05-15 09:32:10,55,0.0,0.0
2024-05-15 09:32:16,60,0.0,0.0
2024-05-15 09:32:22,65,0.0,0.0
2024-05-15 09:32:27,70,0.0,0.0
2024-05-15 09:32:33,75,0.0,0.0
2024-05-15 09:32:39,80,0.0,0.0
2024-05-15 09:32:45,85,0.0,0.0
2024-05-15 09:32:51,90,0.0,0.0
2024-05-15 09:32:56,95,0.0,0.0
2024-05-15 09:33:02,100,0.0,0.0
2024-05-15 09:33:08,105,0.0,0.0
2024-05-15 09:33:14,110,0.0,0.0
2024-05-15 09:33:20,115,0.0,0.0
2024-05-15 09:33:25,120,0.0,0.0
2024-05-15 09:33:31,125,0.0,0.0
2024-05-15 09:33:37,130,0.0,0.0
2024-05-15 09:33:43,135,0.0,0.0
2024-05-15 09:33:49,140,0.0,0.0
2024-05-15 09:33:54,145,0.0,0.0
2024-05-15 09:34:00,150,0.0,0.0
2024-05-15 09:34:06,155,0.0,0.0
2024-05-15 09:34:12,160,0.0,0.0
2024-05-15 09:34:18,165,0.0,0.0
2024-05-15 09:34:24,170,0.0,0.0
2024-05-15 09:34:29,175,0.0,0.0
2024-05-15 09:34:35,180,0.0,0.0
2024-05-15 09:34:41,185,0.0,0.0
2024-05-15 09:34:47,190,0.0,0.0
2024-05-15 09:34:53,195,0.0,0.0
2024-05-15 09:34:58,200,0.0,0.0
2024-05-15 09:35:04,205,0.0,0.0
2024-05-15 09:35:10,210,0.0,0.0
2024-05-15 09:35:16,215,0.0,0.0
2024-05-15 09:35:22,220,0.0,0.0
2024-05-15 09:35:27,225,0.0,0.0
2024-05-15 09:35:33,230,0.0,0.0
2024-05-15 09:35:39,235,0.0,0.0
2024-05-15 09:35:45,240,0.0,0.0
2024-05-15 09:35:51,245,0.0,0.0
2024-05-15 09:35:56,250,0.0,0.0
2024-05-15 09:36:02,255,0.0,0.0
2024-05-15 09:36:08,260,0.0,0.0
2024-05-15 09:36:14,265,0.0,0.0
2024-05-15 09:36:20,270,0.0,0.0
2024-05-15 09:36:25,275,0.0,0.0
2024-05-15 09:36:31,280,0.0,0.0
2024-05-15 09:36:37,285,0.0,0.0
2024-05-15 09:36:43,290,0.0,0.0
2024-05-15 09:36:49,295,0.0,0.0
2024-05-15 09:36:54,300,0.0,0.0
2024-05-15 09:37:00,305,0.0,0.0
2024-05-15 09:37:06,310,0.0,0.0
2024-05-15 09:37:12,315,0.0,0.0
2024-05-15 09:37:18,320,0.0,0.0
2024-05-15 09:37:24,325,0.0,0.0
2024-05-15 09:37:29,330,0.0,0.0
2024-05-15 09:37:35,335,0.0,0.0
2024-05-15 09:37:41,340,0.0,0.0
2024-05-15 09:37:47,345,0.0,0.0
2024-05-15 09:37:53,350,0.0,0.0
2024-05-15 09:37:58,355,0.0,0.0
2024-05-15 09:37:59,360,0.0,0.0
2024-05-15 09:45:21,0,0.0,0.0
2024-05-15 09:45:27,5,0.0,0.0
2024-05-15 09:45:33,10,0.0,0.0
2024-05-15 09:45:38,15,0.0,0.0
2024-05-15 09:45:44,20,0.0,0.0
2024-05-15 09:45:50,25,0.0,0.0
2024-05-15 09:45:56,30,0.0,0.0
2024-05-15 09:46:02,35,0.0,0.0
2024-05-15 09:46:07,40,0.0,0.0
2024-05-15 09:46:13,45,0.0,0.0
2024-05-15 09:46:19,50,0.0,0.0
2024-05-15 09:46:25,55,0.0,0.0
2024-05-15 09:46:31,60,0.0,0.0
2024-05-15 09:46:36,65,0.0,0.0
2024-05-15 09:46:42,70,0.0,0.0
2024-05-15 09:46:48,75,0.0,0.0
2024-05-15 09:46:54,80,0.0,0.0
2024-05-15 09:47:00,85,0.0,0.0
2024-05-15 09:47:05,90,0.0,0.0
2024-05-15 09:47:11,95,0.0,0.0
2024-05-15 09:47:17,100,0.0,0.0
2024-05-15 09:48:51,0,0.0,0.0
2024-05-15 09:48:57,5,0.0,0.0
2024-05-15 09:49:02,10,0.0,0.0
2024-05-15 09:49:08,15,0.0,0.0
2024-05-15 09:49:14,20,0.0,0.0
2024-05-15 09:49:20,25,0.0,0.0
2024-05-15 09:49:26,30,0.0,0.0
2024-05-15 09:49:31,35,0.0,0.0
2024-05-15 09:49:37,40,0.0,0.0
2024-05-15 09:49:43,45,0.0,0.0
2024-05-15 09:49:49,50,0.0,0.0
2024-05-15 09:49:55,55,0.0,0.0
2024-05-15 09:50:00,60,0.0,0.0
2024-05-15 09:50:06,65,0.0,0.0
2024-05-15 09:50:12,70,0.0,0.0
2024-05-15 09:50:18,75,0.0,0.0
2024-05-15 09:50:24,80,0.0,0.0
2024-05-15 09:50:29,85,0.0,0.0
2024-05-15 09:50:35,90,0.0,0.0
2024-05-15 09:50:41,95,0.0,0.0
2024-05-15 09:50:47,100,0.0,0.0
2024-05-15 09:50:53,105,0.0,0.0
2024-05-15 09:50:58,110,0.0,0.0
2024-05-15 09:51:04,115,0.0,0.0
2024-05-15 09:51:10,120,0.0,0.0
2024-05-15 09:51:16,125,0.0,0.0
2024-05-15 09:51:22,130,0.0,0.0
2024-05-15 09:51:27,135,0.0,0.0
2024-05-15 09:51:33,140,0.0,0.0
2024-05-15 09:51:39,145,0.0,0.0
2024-05-15 09:51:45,150,0.0,0.0
2024-05-15 09:51:51,155,0.0,0.0
2024-05-15 09:51:57,160,0.0,0.0
2024-05-15 09:52:02,165,0.0,0.0
2024-05-15 09:52:08,170,0.0,0.0
2024-05-15 09:52:14,175,0.0,0.0
2024-05-15 09:52:20,180,0.0,0.0
2024-05-15 09:52:26,185,0.0,0.0
2024-05-15 09:52:31,190,0.0,0.0
2024-05-15 09:52:37,195,0.0,0.0
2024-05-15 09:52:43,200,0.0,0.0
2024-05-15 09:52:49,205,0.0,0.0
2024-05-15 09:52:55,210,0.0,0.0
2024-05-15 09:53:00,215,0.0,0.0
2024-05-15 09:53:06,220,0.0,0.0
2024-05-15 09:53:12,225,0.0,0.0
2024-05-15 09:53:18,230,0.0,0.0
2024-05-15 09:53:24,235,0.0,0.0
2024-05-15 09:53:29,240,0.0,0.0
2024-05-15 09:53:35,245,0.0,0.0
2024-05-15 09:53:41,250,0.0,0.0
2024-05-15 09:53:47,255,0.0,0.0
2024-05-15 09:53:53,260,0.0,0.0
2024-05-15 09:53:59,265,0.0,0.0
2024-05-15 09:54:04,270,0.0,0.0
2024-05-15 09:54:10,275,0.0,0.0
2024-05-15 09:54:16,280,0.0,0.0
2024-05-15 09:54:22,285,0.0,0.0
2024-05-15 09:54:28,290,0.0,0.0
2024-05-15 09:54:33,295,0.0,0.0
2024-05-15 09:54:39,300,0.0,0.0
2024-05-15 09:54:45,305,0.0,0.0
2024-05-15 09:54:51,310,0.0,0.0
2024-05-15 09:54:57,315,0.0,0.0
2024-05-15 09:55:02,320,0.0,0.0
2024-05-15 09:55:08,325,0.0,0.0
2024-05-15 09:55:14,330,0.0,0.0
2024-05-15 09:55:20,335,0.0,0.0
2024-05-15 09:55:26,340,0.0,0.0
2024-05-15 09:55:31,345,0.0,0.0
2024-05-15 09:55:37,350,0.0,0.0
2024-05-15 09:55:43,355,0.0,0.0
2024-05-15 09:55:44,360,0.0,0.0
2024-05-15 09:59:35,0,0.0,0.0
2024-05-15 09:59:41,5,0.0,0.0
2024-05-15 09:59:47,10,0.0,0.0
2024-05-15 09:59:52,15,0.0,0.0
2024-05-15 09:59:58,20,0.0,0.0
2024-05-15 10:00:04,25,0.0,0.0
2024-05-15 10:00:10,30,0.0,0.0
2024-05-15 10:00:16,35,0.0,0.0
2024-05-15 10:00:21,40,0.0,0.0
2024-05-15 10:00:27,45,0.0,0.0
2024-05-15 10:00:33,50,0.0,0.0
2024-05-15 10:00:39,55,0.0,0.0
2024-05-15 10:00:45,60,0.0,0.0
2024-05-15 10:00:50,65,0.0,0.0
2024-05-15 10:00:56,70,0.0,0.0
2024-05-15 10:01:02,75,0.0,0.0
2024-05-15 10:01:08,80,0.0,0.0
2024-05-15 10:01:14,85,0.0,0.0
2024-05-15 10:01:20,90,0.0,0.0
2024-05-15 10:01:25,95,0.0,0.0
2024-05-15 10:01:31,100,0.0,0.0
2024-05-15 10:01:37,105,0.0,0.0
2024-05-15 10:01:43,110,0.0,0.0
2024-05-15 10:01:49,115,0.0,0.0
2024-05-15 10:01:54,120,0.0,0.0
2024-05-15 10:02:00,125,0.0,0.0
2024-05-15 10:02:06,130,0.0,0.0
2024-05-15 10:02:12,135,0.0,0.0
2024-05-15 10:02:18,140,0.0,0.0
2024-05-15 10:02:23,145,0.0,0.0
2024-05-15 10:02:29,150,0.0,0.0
2024-05-15 10:02:35,155,0.0,0.0
2024-05-15 10:02:41,160,0.0,0.0
2024-05-15 10:02:47,165,0.0,0.0
2024-05-15 10:02:52,170,0.0,0.0
2024-05-15 10:02:58,175,0.0,0.0
2024-05-15 10:03:04,180,0.0,0.0
2024-05-15 10:03:10,185,0.0,0.0
2024-05-15 10:03:16,190,0.0,0.0
2024-05-15 10:03:22,195,0.0,0.0
2024-05-15 10:03:27,200,0.0,0.0
2024-05-15 10:03:33,205,0.0,0.0
2024-05-15 10:03:39,210,0.0,0.0
2024-05-15 10:03:45,215,0.0,0.0
2024-05-15 10:03:51,220,0.0,0.0
2024-05-15 10:03:56,225,0.0,0.0
2024-05-15 10:04:02,230,0.0,0.0
2024-05-15 10:04:08,235,0.0,0.0
2024-05-15 10:04:14,240,0.0,0.0
2024-05-15 10:04:20,245,0.0,0.0
2024-05-15 10:04:25,250,0.0,0.0
2024-05-15 10:04:31,255,0.0,0.0
2024-05-15 10:04:37,260,0.0,0.0
2024-05-15 10:04:43,265,0.0,0.0
2024-05-15 10:04:49,270,0.0,0.0
2024-05-15 10:04:54,275,0.0,0.0
2024-05-15 10:05:00,280,0.0,0.0
2024-05-15 10:05:06,285,0.0,0.0
2024-05-15 10:05:12,290,0.0,0.0
2024-05-15 10:05:18,295,0.0,0.0
2024-05-15 10:05:23,300,0.0,0.0
2024-05-15 10:05:29,305,0.0,0.0
2024-05-15 10:05:35,310,0.0,0.0
2024-05-15 10:05:41,315,0.0,0.0
2024-05-15 10:05:47,320,0.0,0.0
2024-05-15 10:05:53,325,0.0,0.0
2024-05-15 10:05:58,330,0.0,0.0
2024-05-15 10:06:04,335,0.0,0.0
2024-05-15 10:06:10,340,0.0,0.0
2024-05-15 10:06:16,345,0.0,0.0
2024-05-15 10:06:22,350,0.0,0.0
2024-05-15 10:06:27,355,0.0,0.0
2024-05-15 10:06:28,360,0.0,0.0
2024-05-15 10:15:38,5,0.0,0.0
2024-05-15 10:15:44,10,0.0,0.0
2024-05-15 10:15:50,15,0.0,0.0
2024-05-15 10:15:55,20,0.0,0.0
2024-05-15 10:16:01,25,0.0,0.0
2024-05-15 10:16:07,30,0.0,0.0
2024-05-15 10:16:13,35,0.0,0.0
2024-05-15 10:16:19,40,0.0,0.0
2024-05-15 10:16:24,45,0.0,0.0
2024-05-15 10:16:30,50,0.0,0.0
2024-05-15 10:16:36,55,0.0,0.0
2024-05-15 10:16:42,60,0.0,0.0
2024-05-15 10:16:48,65,0.0,0.0
2024-05-15 10:16:53,70,0.0,0.0
2024-05-15 10:16:59,75,0.0,0.0
2024-05-15 10:17:05,80,0.0,0.0
2024-05-15 10:17:11,85,0.0,0.0
2024-05-15 10:17:17,90,0.0,0.0
2024-05-15 10:17:22,95,0.0,0.0
2024-05-15 10:17:28,100,0.0,0.0
2024-05-15 10:17:34,105,0.0,0.0
2024-05-15 10:17:40,110,0.0,0.0
2024-05-15 10:17:46,115,0.0,0.0
2024-05-15 10:17:52,120,0.0,0.0
2024-05-15 10:17:57,125,0.0,0.0
2024-05-15 10:18:03,130,0.0,0.0
2024-05-15 10:18:09,135,0.0,0.0
2024-05-15 10:18:15,140,0.0,0.0
2024-05-15 10:18:21,145,0.0,0.0
2024-05-15 10:18:26,150,0.0,0.0
2024-05-15 10:18:32,155,0.0,0.0
2024-05-15 10:18:38,160,0.0,0.0
2024-05-15 10:18:44,165,0.0,0.0
2024-05-15 10:18:50,170,0.0,0.0
2024-05-15 10:18:55,175,0.0,0.0
2024-05-15 10:19:01,180,0.0,0.0
2024-05-15 10:19:07,185,0.0,0.0
2024-05-15 10:19:13,190,0.0,0.0
2024-05-15 10:19:19,195,0.0,0.0
2024-05-15 10:19:24,200,0.0,0.0
2024-05-15 10:19:30,205,0.0,0.0
2024-05-15 10:19:36,210,0.0,0.0
2024-05-15 10:19:42,215,0.0,0.0
2024-05-15 10:19:48,220,0.0,0.0
2024-05-15 10:19:54,225,0.0,0.0
2024-05-15 10:19:59,230,0.0,0.0
2024-05-15 10:20:05,235,0.0,0.0
2024-05-15 10:20:11,240,0.0,0.0
2024-05-15 10:20:17,245,0.0,0.0
2024-05-15 10:20:23,250,0.0,0.0
2024-05-15 10:20:28,255,0.0,0.0
2024-05-15 10:20:34,260,0.0,0.0
2024-05-15 10:20:40,265,0.0,0.0
2024-05-15 10:20:46,270,0.0,0.0
2024-05-15 10:20:52,275,0.0,0.0
2024-05-15 10:20:57,280,0.0,0.0
2024-05-15 10:21:03,285,0.0,0.0
2024-05-15 10:21:09,290,0.0,0.0
2024-05-15 10:21:15,295,0.0,0.0
2024-05-15 10:21:21,300,0.0,0.0
2024-05-15 10:21:26,305,0.0,0.0
2024-05-15 10:21:32,310,0.0,0.0
2024-05-15 10:21:38,315,0.0,0.0
2024-05-15 10:21:44,320,0.0,0.0
2024-05-15 10:21:50,325,0.0,0.0
2024-05-15 10:21:55,330,0.0,0.0
2024-05-15 10:22:01,335,0.0,0.0
2024-05-15 10:22:07,340,0.0,0.0
2024-05-15 10:22:13,345,0.0,0.0
2024-05-15 10:22:19,350,0.0,0.0
2024-05-15 10:22:25,355,0.0,0.0
2024-05-15 10:22:25,360,0.0,0.0
2024-05-15 10:22:26,365,0.0,0.0
2024-05-15 10:26:28,0,0.0,0.0
2024-05-15 10:26:34,5,0.0,0.0
2024-05-15 10:26:40,10,0.0,0.0
2024-05-15 10:26:45,15,0.0,0.0
2024-05-15 10:26:51,20,0.0,0.0
2024-05-15 10:26:57,25,0.0,0.0
2024-05-15 10:27:03,30,0.0,0.0
2024-05-15 10:27:09,35,0.0,0.0
2024-05-15 10:27:14,40,0.0,0.0
2024-05-15 10:27:20,45,0.0,0.0
2024-05-15 10:27:26,50,0.0,0.0
2024-05-15 10:27:32,55,0.0,0.0
2024-05-15 10:27:38,60,0.0,0.0
2024-05-15 10:27:43,65,0.0,0.0
2024-05-15 10:27:49,70,0.0,0.0
2024-05-15 10:27:55,75,0.0,0.0
2024-05-15 10:28:01,80,0.0,0.0
2024-05-15 10:28:07,85,0.0,0.0
2024-05-15 10:28:12,90,0.0,0.0
2024-05-15 10:28:18,95,0.0,0.0
2024-05-15 10:28:24,100,0.0,0.0
2024-05-15 10:28:30,105,0.0,0.0
2024-05-15 10:28:36,110,0.0,0.0
2024-05-15 10:28:42,115,0.0,0.0
2024-05-15 10:28:47,120,0.0,0.0
2024-05-15 10:28:53,125,0.0,0.0
2024-05-15 10:28:59,130,0.0,0.0
2024-05-15 10:29:05,135,0.0,0.0
2024-05-15 10:29:11,140,0.0,0.0
2024-05-15 10:29:16,145,0.0,0.0
2024-05-15 10:29:22,150,0.0,0.0
2024-05-15 10:29:28,155,0.0,0.0
2024-05-15 10:29:34,160,0.0,0.0
2024-05-15 10:29:40,165,0.0,0.0
2024-05-15 10:29:45,170,0.0,0.0
2024-05-15 10:29:51,175,0.0,0.0
2024-05-15 10:29:57,180,0.0,0.0
2024-05-15 10:30:03,185,0.0,0.0
2024-05-15 10:30:09,190,0.0,0.0
2024-05-15 10:30:14,195,0.0,0.0
2024-05-15 10:30:20,200,0.0,0.0
2024-05-15 10:30:26,205,0.0,0.0
2024-05-15 10:30:32,210,0.0,0.0
2024-05-15 10:30:38,215,0.0,0.0
2024-05-15 10:30:43,220,0.0,0.0
2024-05-15 10:30:49,225,0.0,0.0
2024-05-15 10:30:55,230,0.0,0.0
2024-05-15 10:31:01,235,0.0,0.0
2024-05-15 10:31:07,240,0.0,0.0
2024-05-15 10:31:13,245,0.0,0.0
2024-05-15 10:31:18,250,0.0,0.0
2024-05-15 10:31:24,255,0.0,0.0
2024-05-15 10:31:30,260,0.0,0.0
2024-05-15 10:31:36,265,0.0,0.0
2024-05-15 10:31:42,270,0.0,0.0
2024-05-15 10:31:47,275,0.0,0.0
2024-05-15 10:31:53,280,0.0,0.0
2024-05-15 10:31:59,285,0.0,0.0
2024-05-15 10:32:05,290,0.0,0.0
2024-05-15 10:32:11,295,0.0,0.0
2024-05-15 10:32:16,300,0.0,0.0
2024-05-15 10:32:22,305,0.0,0.0
2024-05-15 10:32:28,310,0.0,0.0
2024-05-15 10:32:34,315,0.0,0.0
2024-05-15 10:32:40,320,0.0,0.0
2024-05-15 10:32:45,325,0.0,0.0
2024-05-15 10:32:51,330,0.0,0.0
2024-05-15 10:32:57,335,0.0,0.0
2024-05-15 10:33:03,340,0.0,0.0
2024-05-15 10:33:09,345,0.0,0.0
2024-05-15 10:33:14,350,0.0,0.0
2024-05-15 10:33:20,355,0.0,0.0
2024-05-15 10:33:21,360,0.0,0.0
2024-05-15 10:40:21,0,0.0,0.0
2024-05-15 10:40:27,5,0.0,0.0
2024-05-15 10:41:00,0,0.0,0.0
2024-05-15 10:41:10,5,0.0,0.0
2024-05-15 10:41:49,0,0.0,0.0
2024-05-15 10:41:55,5,0.0,0.0
2024-05-15 10:42:01,10,0.0,0.0
2024-05-15 10:42:07,15,0.0,0.0
2024-05-15 10:42:13,20,0.0,0.0
2024-05-15 10:42:18,25,0.0,0.0
2024-05-15 10:42:24,30,0.0,0.0
2024-05-15 10:42:30,35,0.0,0.0
2024-05-15 10:42:36,40,0.0,0.0
2024-05-15 10:42:42,45,0.0,0.0
2024-05-15 10:42:47,50,0.0,0.0
2024-05-15 10:42:53,55,0.0,0.0
2024-05-15 10:42:59,60,0.0,0.0
2024-05-15 10:43:05,65,0.0,0.0
2024-05-15 10:43:11,70,0.0,0.0
2024-05-15 10:43:17,75,0.0,0.0
2024-05-15 10:43:22,80,0.0,0.0
2024-05-15 10:43:28,85,0.0,0.0
2024-05-15 10:43:34,90,0.0,0.0
2024-05-15 10:43:40,95,0.0,0.0
2024-05-15 10:43:46,100,0.0,0.0
2024-05-15 10:43:51,105,0.0,0.0
2024-05-15 10:43:57,110,0.0,0.0
2024-05-15 10:44:03,115,0.0,0.0
2024-05-15 10:44:09,120,0.0,0.0
2024-05-15 10:44:15,125,0.0,0.0
2024-05-15 10:44:20,130,0.0,0.0
2024-05-15 10:44:26,135,0.0,0.0
2024-05-15 10:44:32,140,0.0,0.0
2024-05-15 10:44:38,145,0.0,0.0
2024-05-15 10:44:44,150,0.0,0.0
2024-05-15 10:44:49,155,0.0,0.0
2024-05-15 10:44:55,160,0.0,0.0
2024-05-15 10:45:01,165,0.0,0.0
2024-05-15 10:45:07,170,0.0,0.0
2024-05-15 10:45:13,175,0.0,0.0
2024-05-15 10:45:18,180,0.0,0.0
2024-05-15 10:45:24,185,0.0,0.0
2024-05-15 10:45:30,190,0.0,0.0
2024-05-15 10:45:36,195,0.0,0.0
2024-05-15 10:45:42,200,0.0,0.0
2024-05-15 10:45:48,205,0.0,0.0
2024-05-15 10:45:53,210,0.0,0.0
2024-05-15 10:45:59,215,0.0,0.0
2024-05-15 10:46:05,220,0.0,0.0
2024-05-15 10:46:11,225,0.0,0.0
2024-05-15 10:46:17,230,0.0,0.0
2024-05-15 10:46:22,235,0.0,0.0
2024-05-15 10:46:28,240,0.0,0.0
2024-05-15 10:46:34,245,0.0,0.0
2024-05-15 10:46:40,250,0.0,0.0
2024-05-15 10:46:46,255,0.0,0.0
2024-05-15 10:46:51,260,0.0,0.0
2024-05-15 10:46:57,265,0.0,0.0
2024-05-15 10:47:03,270,0.0,0.0
2024-05-15 10:47:09,275,0.0,0.0
2024-05-15 10:47:15,280,0.0,0.0
2024-05-15 10:47:20,285,0.0,0.0
2024-05-15 10:47:26,290,0.0,0.0
2024-05-15 10:47:32,295,0.0,0.0
2024-05-15 10:47:38,300,0.0,0.0
2024-05-15 10:47:44,305,0.0,0.0
2024-05-15 10:47:50,310,0.0,0.0
2024-05-15 10:47:55,315,0.0,0.0
2024-05-15 10:48:01,320,0.0,0.0
2024-05-15 10:48:07,325,0.0,0.0
2024-05-15 10:48:13,330,0.0,0.0
2024-05-15 10:48:19,335,0.0,0.0
2024-05-15 10:48:24,340,0.0,0.0
2024-05-15 10:48:30,345,0.0,0.0
2024-05-15 10:48:36,350,0.0,0.0
2024-05-15 10:48:42,355,0.0,0.0
2024-05-15 10:52:08,0,0.0,0.0
2024-05-15 10:52:14,5,0.0,0.0
2024-05-15 10:52:20,10,0.0,0.0
2024-05-15 10:52:26,15,0.0,0.0
2024-05-15 10:52:31,20,0.0,0.0
2024-05-15 10:52:37,25,0.0,0.0
2024-05-15 10:52:43,30,0.0,0.0
2024-05-15 10:52:49,35,0.0,0.0
2024-05-15 10:52:55,40,0.0,0.0
2024-05-15 10:53:01,45,0.0,0.0
2024-05-15 10:53:06,50,0.0,0.0
2024-05-15 10:53:12,55,0.0,0.0
2024-05-15 10:53:18,60,0.0,0.0
2024-05-15 10:53:24,65,0.0,0.0
2024-05-15 10:53:30,70,0.0,0.0
2024-05-15 10:53:35,75,0.0,0.0
2024-05-15 10:53:41,80,0.0,0.0
2024-05-15 10:53:47,85,0.0,0.0
2024-05-15 10:53:53,90,0.0,0.0
2024-05-15 10:53:59,95,0.0,0.0
2024-05-15 10:54:04,100,0.0,0.0
2024-05-15 10:54:10,105,0.0,0.0
2024-05-15 10:54:16,110,0.0,0.0
2024-05-15 10:54:22,115,0.0,0.0
2024-05-15 10:54:28,120,0.0,0.0
2024-05-15 10:54:33,125,0.0,0.0
2024-05-15 10:54:39,130,0.0,0.0
2024-05-15 10:54:45,135,0.0,0.0
2024-05-15 10:54:51,140,0.0,0.0
2024-05-15 10:54:57,145,0.0,0.0
2024-05-15 10:55:03,150,0.0,0.0
2024-05-15 10:55:08,155,0.0,0.0
2024-05-15 10:55:14,160,0.0,0.0
2024-05-15 10:55:20,165,0.0,0.0
2024-05-15 10:55:26,170,0.0,0.0
2024-05-15 10:55:32,175,0.0,0.0
2024-05-15 10:55:37,180,0.0,0.0
2024-05-15 10:55:43,185,0.0,0.0
2024-05-15 10:55:49,190,0.0,0.0
2024-05-15 10:55:55,195,0.0,0.0
2024-05-15 10:56:01,200,0.0,0.0
2024-05-15 10:56:06,205,0.0,0.0
2024-05-15 10:56:12,210,0.0,0.0
2024-05-15 10:56:18,215,0.0,0.0
2024-05-15 10:56:24,220,0.0,0.0
2024-05-15 10:56:30,225,0.0,0.0
2024-05-15 10:56:35,230,0.0,0.0
2024-05-15 10:56:41,235,0.0,0.0
2024-05-15 10:56:47,240,0.0,0.0
2024-05-15 10:56:53,245,0.0,0.0
2024-05-15 10:56:59,250,0.0,0.0
2024-05-15 10:57:05,255,0.0,0.0
2024-05-15 10:57:10,260,0.0,0.0
2024-05-15 10:57:16,265,0.0,0.0
2024-05-15 10:57:22,270,0.0,0.0
2024-05-15 10:57:28,275,0.0,0.0
2024-05-15 10:57:34,280,0.0,0.0
2024-05-15 10:57:39,285,0.0,0.0
2024-05-15 10:57:45,290,0.0,0.0
2024-05-15 10:57:51,295,0.0,0.0
2024-05-15 10:57:57,300,0.0,0.0
2024-05-15 10:58:03,305,0.0,0.0
2024-05-15 10:58:08,310,0.0,0.0
2024-05-15 10:58:14,315,0.0,0.0
2024-05-15 10:58:20,320,0.0,0.0
2024-05-15 10:58:26,325,0.0,0.0
2024-05-15 10:58:32,330,0.0,0.0
2024-05-15 10:58:37,335,0.0,0.0
2024-05-15 10:58:43,340,0.0,0.0
2024-05-15 10:58:49,345,0.0,0.0
2024-05-15 10:58:55,350,0.0,0.0
2024-05-15 10:59:01,355,0.0,0.0
2024-05-15 11:00:04,0,0.0,0.0
2024-05-15 11:00:10,5,0.0,0.0
2024-05-15 11:00:16,10,0.0,0.0
2024-05-15 11:00:22,15,0.0,0.0
2024-05-15 11:00:27,20,0.0,0.0
2024-05-15 11:00:33,25,0.0,0.0
2024-05-15 11:00:39,30,0.0,0.0
2024-05-15 11:00:45,35,0.0,0.0
2024-05-15 11:00:51,40,0.0,0.0
2024-05-15 11:00:56,45,0.0,0.0
2024-05-15 11:01:02,50,0.0,0.0
2024-05-15 11:01:08,55,0.0,0.0
2024-05-15 11:01:14,60,0.0,0.0
2024-05-15 11:01:20,65,0.0,0.0
2024-05-15 11:01:25,70,0.0,0.0
2024-05-15 11:01:31,75,0.0,0.0
2024-05-15 11:01:37,80,0.0,0.0
2024-05-15 11:01:43,85,0.0,0.0
2024-05-15 11:01:49,90,0.0,0.0
2024-05-15 11:01:55,95,0.0,0.0
2024-05-15 11:02:00,100,0.0,0.0
2024-05-15 11:02:06,105,0.0,0.0
2024-05-15 11:02:12,110,0.0,0.0
2024-05-15 11:02:18,115,0.0,0.0
2024-05-15 11:02:24,120,0.0,0.0
2024-05-15 11:02:29,125,0.0,0.0
2024-05-15 11:02:35,130,0.0,0.0
2024-05-15 11:02:41,135,0.0,0.0
2024-05-15 11:02:47,140,0.0,0.0
2024-05-15 11:02:53,145,0.0,0.0
2024-05-15 11:02:58,150,0.0,0.0
2024-05-15 11:03:04,155,0.0,0.0
2024-05-15 11:03:10,160,0.0,0.0
2024-05-15 11:03:16,165,0.0,0.0
2024-05-15 11:03:22,170,0.0,0.0
2024-05-15 11:03:27,175,0.0,0.0
2024-05-15 11:03:33,180,0.0,0.0
2024-05-15 11:03:39,185,0.0,0.0
2024-05-15 11:03:45,190,0.0,0.0
2024-05-15 11:03:51,195,0.0,0.0
2024-05-15 11:03:57,200,0.0,0.0
2024-05-15 11:04:02,205,0.0,0.0
2024-05-15 11:04:08,210,0.0,0.0
2024-05-15 11:04:14,215,0.0,0.0
2024-05-15 11:04:20,220,0.0,0.0
2024-05-15 11:04:26,225,0.0,0.0
2024-05-15 11:04:31,230,0.0,0.0
2024-05-15 11:04:37,235,0.0,0.0
2024-05-15 11:04:43,240,0.0,0.0
2024-05-15 11:04:49,245,0.0,0.0
2024-05-15 11:04:55,250,0.0,0.0
2024-05-15 11:05:00,255,0.0,0.0
2024-05-15 11:05:06,260,0.0,0.0
2024-05-15 11:05:12,265,0.0,0.0
2024-05-15 11:05:18,270,0.0,0.0
2024-05-15 11:05:24,275,0.0,0.0
2024-05-15 11:05:29,280,0.0,0.0
2024-05-15 11:05:35,285,0.0,0.0
2024-05-15 11:05:41,290,0.0,0.0
2024-05-15 11:05:47,295,0.0,0.0
2024-05-15 11:05:53,300,0.0,0.0
2024-05-15 11:05:59,305,0.0,0.0
2024-05-15 11:06:04,310,0.0,0.0
2024-05-15 11:06:10,315,0.0,0.0
2024-05-15 11:06:16,320,0.0,0.0
2024-05-15 11:06:22,325,0.0,0.0
2024-05-15 11:06:28,330,0.0,0.0
2024-05-15 11:06:33,335,0.0,0.0
2024-05-15 11:06:39,340,0.0,0.0
2024-05-15 11:06:45,345,0.0,0.0
2024-05-15 11:06:51,350,0.0,0.0
2024-05-15 11:06:57,355,0.0,0.0
2024-05-15 11:44:16,0,0.0,0.0
2024-05-15 11:44:22,5,0.0,0.0
2024-05-15 11:44:27,10,0.0,0.0
2024-05-15 11:44:33,15,0.0,0.0
2024-05-15 11:44:39,20,0.0,0.0
2024-05-15 11:44:45,25,0.0,0.0
2024-05-15 11:44:51,30,0.0,0.0
2024-05-15 11:44:56,35,0.0,0.0
2024-05-15 11:45:02,40,0.0,0.0
2024-05-15 11:45:08,45,0.0,0.0
2024-05-15 11:45:14,50,0.0,0.0
2024-05-15 11:45:20,55,0.0,0.0
2024-05-15 11:45:26,60,0.0,0.0
2024-05-15 11:45:31,65,0.0,0.0
2024-05-15 11:45:37,70,0.0,0.0
2024-05-15 11:45:43,75,0.0,0.0
2024-05-15 11:45:49,80,0.0,0.0
2024-05-15 11:45:55,85,0.0,0.0
2024-05-15 11:46:00,90,0.0,0.0
2024-05-15 11:46:06,95,0.0,0.0
2024-05-15 11:46:12,100,0.0,0.0
2024-05-15 11:46:18,105,0.0,0.0
2024-05-15 11:46:24,110,0.0,0.0
2024-05-15 11:46:29,115,0.0,0.0
2024-05-15 11:46:35,120,0.0,0.0
2024-05-15 11:46:41,125,0.0,0.0
2024-05-15 11:46:47,130,0.0,0.0
2024-05-15 11:46:53,135,0.0,0.0
2024-05-15 11:46:58,140,0.0,0.0
2024-05-15 11:47:04,145,0.0,0.0
2024-05-15 11:47:10,150,0.0,0.0
2024-05-15 11:47:16,155,0.0,0.0
2024-05-15 11:47:22,160,0.0,0.0
2024-05-15 11:47:28,165,0.0,0.0
2024-05-15 11:47:33,170,0.0,0.0
2024-05-15 11:47:39,175,0.0,0.0
2024-05-15 11:47:45,180,0.0,0.0
2024-05-15 11:47:51,185,0.0,0.0
2024-05-15 11:47:57,190,0.0,0.0
2024-05-15 11:48:02,195,0.0,0.0
2024-05-15 11:48:08,200,0.0,0.0
2024-05-15 11:48:14,205,0.0,0.0
2024-05-15 11:48:20,210,0.0,0.0
2024-05-15 11:48:26,215,0.0,0.0
2024-05-15 11:48:31,220,0.0,0.0
2024-05-15 11:48:37,225,0.0,0.0
2024-05-15 11:48:43,230,0.0,0.0
2024-05-15 11:48:49,235,0.0,0.0
2024-05-15 11:48:55,240,0.0,0.0
2024-05-15 11:49:01,245,0.0,0.0
2024-05-15 11:49:06,250,0.0,0.0
2024-05-15 11:49:12,255,0.0,0.0
2024-05-15 11:49:18,260,0.0,0.0
2024-05-15 11:49:24,265,0.0,0.0
2024-05-15 11:49:30,270,0.0,0.0
2024-05-15 11:49:35,275,0.0,0.0
2024-05-15 11:49:41,280,0.0,0.0
2024-05-15 11:49:47,285,0.0,0.0
2024-05-15 11:49:53,290,0.0,0.0
2024-05-15 11:49:59,295,0.0,0.0
2024-05-15 11:50:04,300,0.0,0.0
2024-05-15 11:50:10,305,0.0,0.0
2024-05-15 11:50:16,310,0.0,0.0
2024-05-15 11:50:22,315,0.0,0.0
2024-05-15 11:50:28,320,0.0,0.0
2024-05-15 11:50:33,325,0.0,0.0
2024-05-15 11:50:39,330,0.0,0.0
2024-05-15 11:50:45,335,0.0,0.0
2024-05-15 11:50:51,340,0.0,0.0
2024-05-15 11:50:57,345,0.0,0.0
2024-05-15 11:51:02,350,0.0,0.0
2024-05-15 11:51:08,355,0.0,0.0
2024-05-15 11:54:47,0,0.0,0.0
2024-05-30 12:51:51,0,0.0,0.0
2024-05-30 12:52:01,5,0.0,0.0
2024-05-30 12:52:10,10,0.0,0.0
2024-05-30 12:52:20,15,0.0,0.0
2024-05-30 12:52:30,20,0.0,0.0
2024-05-30 12:52:39,25,0.0,0.0
2024-05-30 12:52:49,30,0.0,0.0
2024-05-30 12:52:59,35,0.0,0.0
2024-05-30 12:53:08,40,0.0,0.0
2024-05-30 12:53:18,45,0.0,0.0
2024-05-30 12:53:28,50,0.0,0.0
2024-05-30 12:53:37,55,0.0,0.0
2024-05-30 12:53:47,60,0.0,0.0
2024-05-30 12:53:57,65,0.0,0.0
2024-05-30 12:54:06,70,0.0,0.0
2024-05-30 12:54:16,75,0.0,0.0
2024-05-30 12:54:26,80,0.0,0.0
2024-05-30 12:54:35,85,0.0,0.0
2024-05-30 12:54:45,90,0.0,0.0
2024-05-30 12:54:54,95,0.0,0.0
2024-05-30 12:55:04,100,0.0,0.0
2024-05-30 12:55:14,105,0.0,0.0
2024-05-30 12:55:23,110,0.0,0.0
2024-05-30 13:10:55,0,0.0,0.0
2024-05-30 13:11:05,5,0.0,0.0
2024-05-30 13:11:14,10,0.0,0.0
2024-05-30 13:11:24,15,0.0,0.0
2024-05-30 13:11:34,20,0.0,0.0
2024-05-30 13:11:43,25,0.0,0.0
2024-05-30 13:11:53,30,0.0,0.0
2024-05-30 13:12:03,35,0.0,0.0
2024-05-30 13:12:12,40,0.0,0.0
2024-05-30 13:12:22,45,0.0,0.0
2024-05-30 13:52:10,0,0.0,0.0
2024-05-30 13:52:16,5,0.0,0.0
2024-05-30 13:52:21,10,0.0,0.0
2024-05-30 13:52:27,15,0.0,0.0
2024-05-30 13:52:33,20,0.0,0.0
2024-05-30 13:52:39,25,0.0,0.0
2024-05-30 13:52:44,30,0.0,0.0
2024-05-30 13:52:50,35,0.0,0.0
2024-05-30 13:52:56,40,0.0,0.0
2024-05-30 13:53:02,45,0.0,0.0
2024-05-30 13:53:08,50,0.0,0.0
2024-05-30 13:53:13,55,0.0,0.0
2024-05-30 13:53:19,60,0.0,0.0
2024-05-30 13:53:25,65,0.0,0.0
2024-05-30 13:53:31,70,0.0,0.0
2024-05-30 13:53:37,75,0.0,0.0
2024-05-30 13:53:43,80,0.0,0.0
2024-05-30 13:53:48,85,0.0,0.0
2024-05-30 13:53:54,90,0.0,0.0
2024-05-30 13:54:00,95,0.0,0.0
2024-05-30 13:54:06,100,0.0,0.0
2024-05-30 13:54:12,105,0.0,0.0
2024-05-30 13:54:17,110,0.0,0.0
2024-05-30 13:54:23,115,0.0,0.0
2024-05-30 13:54:29,120,0.0,0.0
2024-05-30 13:54:35,125,0.0,0.0
2024-06-04 10:02:48,0,0.05,104.4
2024-06-04 10:02:56,5,0.07,82.1
2024-06-04 10:04:00,0,0.12,167.5
2024-06-04 10:04:09,5,0.06,259.6
2024-06-04 10:04:18,10,0.06,216.6
2024-06-04 10:04:26,15,0.1,177.4
2024-06-04 10:04:35,20,0.1,162.9
2024-06-04 10:04:44,25,0.07,200.9
2024-06-04 10:04:52,30,0.06,157.4
2024-06-04 10:05:01,35,0.07,180.2
2024-06-04 10:05:09,40,0.05,242.3
2024-06-04 10:05:18,45,0.07,78.5
2024-06-04 10:05:27,50,0.08,171.4
2024-06-04 10:05:35,55,0.07,107.0
2024-06-04 10:05:44,60,0.09,116.8
2024-06-04 10:05:53,65,0.1,113.9
2024-06-04 10:06:01,70,0.13,70.5
2024-06-04 10:06:10,75,0.18,94.6
2024-06-04 10:06:18,80,0.11,128.0
2024-06-04 10:06:27,85,0.1,97.3
2024-06-04 10:06:36,90,0.09,139.8
2024-06-04 10:06:44,95,0.09,95.5
2024-06-04 10:06:53,100,0.12,141.4
2024-06-04 10:07:02,105,0.1,248.5
2024-06-04 10:07:10,110,0.09,150.5
2024-06-04 10:07:19,115,0.07,61.9
2024-06-04 10:07:27,120,0.12,170.0
2024-06-04 10:07:36,125,0.13,73.6
2024-06-04 10:07:45,130,0.13,69.2
2024-06-04 10:07:53,135,0.13,139.6
2024-06-04 10:08:10,0,0.11,47.3
2024-06-04 10:08:19,5,0.11,66.1
2024-06-04 10:09:14,0,0.1,171.2
2024-06-04 10:09:22,5,0.13,193.0
2024-06-04 10:09:31,10,0.06,126.7
2024-06-04 10:09:40,15,0.08,57.5
2024-06-04 10:09:48,20,0.1,81.7
2024-06-04 10:09:57,25,0.13,58.0
2024-06-04 10:10:06,30,0.07,54.2
2024-06-04 10:10:14,35,0.04,118.6
2024-06-04 10:10:23,40,0.07,106.2
2024-06-04 10:10:31,45,0.05,62.7
2024-06-04 10:10:40,50,0.08,70.4
2024-06-04 10:10:49,55,0.07,138.5
2024-06-04 10:10:57,60,0.1,123.1
2024-06-04 10:11:06,65,0.08,94.5
2024-06-04 10:11:15,70,0.05,176.6
2024-06-04 10:11:23,75,0.09,80.9
2024-06-04 10:11:32,80,0.07,53.1
2024-06-04 10:11:40,85,0.11,85.5
2024-06-04 10:11:49,90,0.07,293.0
2024-06-04 10:11:58,95,0.07,63.6
2024-06-04 10:12:06,100,0.12,70.1
2024-06-04 10:12:15,105,0.13,67.2
2024-06-04 10:12:24,110,0.05,198.7
2024-06-04 10:12:32,115,0.09,82.4
2024-06-04 10:12:41,120,0.07,85.2
2024-06-04 10:12:50,125,0.06,222.4
2024-06-04 10:12:58,130,0.05,251.4
2024-06-04 10:13:07,135,0.11,73.1
2024-06-04 10:13:15,140,0.14,42.2
2024-06-04 10:13:24,145,0.14,94.1
2024-06-04 10:13:33,150,0.04,198.6
2024-06-04 10:13:41,155,0.08,284.0
2024-06-04 10:13:50,160,0.04,140.1
2024-06-04 10:13:59,165,0.04,283.6
2024-06-04 10:14:07,170,0.11,64.5
2024-06-04 10:14:16,175,0.17,248.7
2024-06-04 10:14:24,180,0.14,212.1
2024-06-04 10:14:33,185,0.09,184.4
2024-06-04 10:14:42,190,0.16,238.1
2024-06-04 10:14:50,195,0.1,139.2
2024-06-04 10:14:59,200,0.08,78.3
2024-06-04 10:15:08,205,0.1,248.1
2024-06-04 10:15:16,210,0.12,292.0
2024-06-04 10:15:25,215,0.14,306.8
2024-06-04 10:15:33,220,0.11,312.6
2024-06-04 10:15:42,225,0.1,43.0
2024-06-04 10:15:51,230,0.06,95.1
2024-06-04 10:15:59,235,0.04,159.3
2024-06-04 10:16:08,240,0.04,281.1
2024-06-04 10:16:17,245,0.07,257.9
2024-06-04 10:16:25,250,0.11,230.5
2024-06-04 10:16:34,255,0.1,251.3
2024-06-04 10:16:43,260,0.06,211.9
2024-06-04 10:17:30,0,0.07,199.3
2024-06-04 10:17:39,5,0.09,184.0
2024-06-04 10:17:47,10,0.07,165.6
2024-06-04 10:17:56,15,0.07,234.3
2024-06-04 10:18:04,20,0.12,239.5
2024-06-04 10:18:13,25,0.08,235.4
2024-06-04 10:18:22,30,0.07,92.6
2024-06-04 10:18:30,35,0.09,185.5
2024-06-04 10:18:39,40,0.09,90.6
2024-06-04 10:18:48,45,0.08,138.8
2024-06-04 10:18:56,50,0.12,176.5
2024-06-04 10:19:05,55,0.08,156.6
2024-06-04 10:19:13,60,0.09,137.5
2024-06-04 10:19:22,65,0.1,196.2
2024-06-04 10:19:31,70,0.11,103.4
2024-06-04 10:19:39,75,0.1,148.2
2024-06-04 10:19:48,80,0.1,57.3
2024-06-04 10:19:57,85,0.09,146.6
2024-06-04 10:20:05,90,0.12,165.7
2024-06-04 10:20:14,95,0.09,192.4
2024-06-04 10:20:23,100,0.12,82.7
2024-06-04 10:20:31,105,0.1,106.5
2024-06-04 10:20:40,110,0.1,167.5
2024-06-04 10:20:48,115,0.08,119.6
2024-06-04 10:20:57,120,0.1,140.3
2024-06-04 10:21:06,125,0.13,140.8
2024-06-04 10:21:14,130,0.07,62.7
2024-06-04 10:21:23,135,0.16,82.0
2024-06-04 10:21:32,140,0.09,80.6
2024-06-04 10:21:40,145,0.06,103.2
2024-06-04 10:21:49,150,0.15,93.1
2024-06-04 10:21:58,155,0.11,161.5
2024-06-04 10:22:06,160,0.11,129.5
2024-06-04 10:22:15,165,0.13,234.6
2024-06-04 10:22:23,170,0.12,129.7
2024-06-04 10:22:32,175,0.11,97.0
2024-06-04 10:22:41,180,0.1,75.8
2024-06-04 10:22:49,185,0.18,68.0
2024-06-04 10:22:58,190,0.16,69.3
2024-06-04 10:23:07,195,0.13,57.6
2024-06-04 10:23:15,200,0.19,30.0
2024-06-04 10:23:24,205,0.34,79.5
2024-06-04 10:23:33,210,0.17,71.0
2024-06-04 10:23:41,215,0.19,69.5
2024-06-04 10:23:50,220,0.13,32.4
2024-06-04 10:23:58,225,0.18,126.0
2024-06-04 10:24:07,230,0.06,173.0
2024-06-04 10:24:16,235,0.08,71.6
2024-06-04 10:24:24,240,0.07,112.7
2024-06-04 10:24:33,245,0.07,193.3
2024-06-04 10:24:42,250,0.05,164.5
2024-06-04 10:24:50,255,0.15,125.1
2024-06-04 10:24:59,260,0.13,29.9
2024-06-04 10:25:08,265,0.08,181.0
2024-06-04 10:25:16,270,0.07,251.6
2024-06-04 10:25:25,275,0.06,239.7
2024-06-04 10:25:33,280,0.05,188.6
2024-06-04 10:25:42,285,0.1,245.2
2024-06-04 10:25:51,290,0.12,173.4
2024-06-04 10:25:59,295,0.07,210.4
2024-06-04 10:26:08,300,0.05,265.1
2024-06-04 10:26:17,305,0.09,246.1
2024-06-04 10:26:25,310,0.08,140.0
2024-06-04 10:26:34,315,0.13,174.4
2024-06-04 10:26:38,320,0.18,258.4
2024-06-04 10:26:43,325,0.12,283.0
2024-06-04 10:26:47,330,0.12,219.4
2024-06-04 10:26:52,335,0.13,241.1
2024-06-04 11:08:18,0,0.13,146.7
2024-06-04 11:08:23,5,0.13,160.7
2024-06-04 11:08:27,10,0.11,104.6
2024-06-04 11:08:32,15,0.08,160.2
2024-06-04 11:08:36,20,0.06,238.3
2024-06-04 11:08:40,25,0.07,129.9
2024-06-04 11:08:45,30,0.09,59.9
2024-06-04 11:08:49,35,0.07,112.6
2024-06-04 11:08:54,40,0.08,59.9
2024-06-04 11:08:58,45,0.08,115.4
2024-06-04 11:09:02,50,0.07,83.0
2024-06-04 11:09:07,55,0.06,203.7
2024-06-04 11:09:11,60,0.08,77.6
2024-06-04 11:09:16,65,0.13,121.0
2024-06-04 11:09:20,70,0.08,247.2
2024-06-04 11:09:25,75,0.09,145.6
2024-06-04 11:09:29,80,0.07,232.7
2024-06-04 11:09:33,85,0.11,193.9
2024-06-04 11:09:38,90,0.08,180.5
2024-06-04 11:09:42,95,0.08,199.6
2024-06-04 11:09:47,100,0.09,231.9
2024-06-04 11:09:51,105,0.12,235.6
2024-06-04 11:09:55,110,0.06,161.1
2024-06-04 11:10:00,115,0.11,142.4
2024-06-04 11:10:04,120,0.12,132.9
2024-06-04 11:10:09,125,0.07,140.2
2024-06-04 11:10:13,130,0.09,125.7
2024-06-04 11:10:17,135,0.15,123.6
2024-06-04 11:10:22,140,0.14,178.9
2024-06-04 11:10:26,145,0.08,168.8
2024-06-04 11:10:31,150,0.08,270.2
2024-06-04 11:12:14,0,0.06,137.6
2024-06-04 11:12:22,5,0.06,51.8
2024-06-04 11:13:32,0,0.04,153.0
2024-06-04 11:13:41,5,0.08,98.9
2024-06-04 11:16:55,0,0.08,100.2
2024-06-04 11:17:00,5,0.11,135.7
2024-06-04 11:17:04,10,0.13,137.7
2024-06-04 11:17:09,15,0.11,143.0
2024-06-04 11:17:13,20,0.14,132.1
2024-06-04 11:17:17,25,0.15,101.8
2024-06-04 11:17:22,30,0.12,72.8
2024-06-04 11:17:26,35,0.12,223.0
2024-06-04 11:17:31,40,0.05,83.6
2024-06-04 11:17:35,45,0.11,75.4
2024-06-04 11:17:39,50,0.06,136.0
2024-06-04 11:17:44,55,0.08,83.4
2024-06-04 11:17:48,60,0.07,205.0
2024-06-04 11:17:53,65,0.07,145.5
2024-06-04 11:18:01,70,0.04,126.9
2024-06-04 11:18:10,75,0.12,93.3
2024-06-04 11:18:19,80,0.11,83.9
2024-06-04 11:18:27,85,0.11,110.4
2024-06-04 11:18:36,90,0.09,96.3
2024-06-04 11:18:44,95,0.11,183.5
2024-06-04 11:18:53,100,0.12,74.9
2024-06-04 11:19:02,105,0.09,97.2
2024-06-04 11:19:10,110,0.1,90.6
2024-06-04 11:19:19,115,0.06,236.1
2024-06-04 11:19:28,120,0.08,132.7
2024-06-04 11:19:36,125,0.09,98.7
2024-06-04 11:19:45,130,0.04,212.6
2024-06-04 11:19:54,135,0.08,203.4
2024-06-04 11:20:02,140,0.06,83.2
2024-06-04 11:20:11,145,0.12,101.2
2024-06-04 11:20:20,150,0.12,125.4
2024-06-04 11:20:28,155,0.09,91.9
2024-06-04 11:20:37,160,0.08,76.4
2024-06-04 11:20:45,165,0.12,303.9
2024-06-04 11:20:54,170,0.11,262.1
2024-06-04 11:21:03,175,0.05,127.2
2024-06-04 11:21:11,180,0.1,142.4
2024-06-04 11:21:20,185,0.11,126.1
2024-06-04 11:21:29,190,0.14,211.6
2024-06-04 11:21:37,195,0.1,86.3
2024-06-04 11:21:46,200,0.15,86.1
2024-06-04 11:21:55,205,0.1,133.1
2024-06-04 11:22:03,210,0.12,77.1
2024-06-04 11:22:12,215,0.1,41.0
2024-06-04 11:22:20,220,0.09,148.1
2024-06-04 11:22:29,225,0.09,78.5
2024-06-04 11:22:38,230,0.09,75.8
2024-06-04 11:22:46,235,0.08,80.8
2024-06-04 11:22:55,240,0.07,100.3
2024-06-04 11:23:04,245,0.06,93.8
2024-06-04 11:23:12,250,0.05,153.4
2024-06-04 11:23:21,255,0.07,81.0
2024-06-04 11:23:30,260,0.11,63.9
2024-06-04 11:23:38,265,0.09,119.1
2024-06-04 11:23:47,270,0.08,94.3
2024-06-04 11:23:55,275,0.13,62.4
2024-06-04 11:24:04,280,0.13,122.5
2024-06-04 11:24:13,285,0.08,118.7
2024-06-04 11:24:21,290,0.06,183.0
2024-06-04 11:24:30,295,0.12,131.9
2024-06-04 11:24:39,300,0.07,116.6
2024-06-04 11:24:47,305,0.11,146.5
2024-06-04 11:24:56,310,0.1,172.7
2024-06-04 11:25:05,315,0.1,122.4
2024-06-04 11:25:13,320,0.06,109.9
2024-06-04 11:25:22,325,0.04,195.7
2024-06-04 11:25:30,330,0.32,221.6
2024-06-04 11:25:39,335,0.12,167.9
2024-06-04 11:25:48,340,0.05,51.7
2024-06-04 11:25:56,345,0.07,148.8
2024-06-04 11:26:05,350,0.11,144.8
2024-06-04 11:26:14,355,0.07,169.5
2024-06-04 11:27:01,0,0.13,96.6
2024-06-04 11:27:06,5,0.12,124.8
2024-06-04 11:27:10,10,0.09,212.7
2024-06-04 11:27:15,15,0.09,133.2
2024-06-04 11:27:19,20,0.09,115.8
2024-06-04 11:27:23,25,0.1,68.1
2024-06-04 11:53:59,0,0.09,124.1
2024-06-04 11:54:04,5,0.09,92.9
2024-06-04 11:54:08,10,0.08,110.7
2024-06-04 11:54:12,15,0.13,103.3
2024-06-04 11:54:17,20,0.12,105.9
2024-06-04 11:54:21,25,0.13,121.9
2024-06-04 11:54:25,30,0.14,143.5
2024-06-04 11:54:30,35,0.11,141.4
2024-06-04 11:54:34,40,0.05,232.0
2024-06-04 11:54:38,45,0.05,132.6
2024-06-04 11:54:42,50,0.07,219.1
2024-06-04 11:54:47,55,0.11,96.7
2024-06-04 11:54:51,60,0.1,86.8
2024-06-04 11:54:55,65,0.04,180.5
2024-06-04 11:54:59,70,0.07,62.9
2024-06-04 11:55:03,75,0.08,80.2
2024-06-04 11:55:07,80,0.07,210.9
2024-06-04 11:55:11,85,0.1,175.1
2024-06-04 11:55:16,90,0.07,125.9
2024-06-04 11:58:19,0,0.09,184.4
2024-06-04 11:58:24,5,0.11,252.5
2024-06-04 11:58:28,10,0.04,115.7
2024-06-04 11:58:33,15,0.09,158.7
2024-06-04 11:58:37,20,0.1,152.7
2024-06-04 12:01:20,0,0.1,142.2
2024-06-04 12:01:25,5,0.1,203.4
2024-06-04 12:01:29,10,0.06,215.2
2024-06-04 12:01:33,15,0.06,192.7
2024-06-04 12:01:37,20,0.06,65.8
2024-06-04 12:01:41,25,0.06,94.7
2024-06-04 12:01:45,30,0.14,93.5
2024-06-04 12:01:50,35,0.15,81.1
2024-06-04 12:01:54,40,0.15,88.9
2024-06-04 12:01:58,45,0.14,54.0
2024-06-04 12:02:02,50,0.1,33.7
2024-06-04 12:02:06,55,0.16,10.5
2024-06-04 12:02:10,60,0.08,122.6
2024-06-04 12:46:39,0,0.07,81.4
2024-06-04 12:46:47,5,0.12,176.3
2024-06-04 12:47:06,0,0.08,175.3
2024-06-04 12:47:10,5,0.12,143.8
2024-06-04 12:47:14,10,0.12,117.3
2024-06-04 12:47:18,15,0.1,104.4
2024-06-04 12:47:23,20,0.09,149.4
2024-06-04 12:47:27,25,0.07,209.8
2024-06-04 12:47:31,30,0.06,271.2
2024-06-04 12:47:35,35,0.04,237.1
2024-06-04 12:47:39,40,0.05,191.3
2024-06-04 12:47:43,45,0.06,158.0
2024-06-04 12:47:48,50,0.06,160.0
2024-06-04 12:47:52,55,0.12,101.5
2024-06-04 12:47:56,60,0.08,80.7
2024-06-04 12:48:00,65,0.08,85.2
2024-06-04 12:48:04,70,0.06,159.0
2024-06-04 12:48:08,75,0.06,166.9
2024-06-04 12:48:12,80,0.13,85.5
2024-06-04 12:48:16,85,0.14,124.4
2024-06-04 12:48:20,90,0.13,170.2
2024-06-04 12:48:25,95,0.06,140.2
2024-06-04 12:48:29,100,0.09,116.0
2024-06-04 12:48:34,105,0.1,44.0
2024-06-04 12:48:38,110,0.07,107.7
2024-06-04 12:48:42,115,0.15,111.7
2024-06-04 12:48:46,120,0.17,114.0
2024-06-04 12:48:51,125,0.21,100.4
2024-06-04 12:48:55,130,0.13,140.9
2024-06-04 12:48:59,135,0.08,151.0
2024-06-04 12:49:03,140,0.04,183.8
2024-06-04 12:49:18,0,0.12,35.2
2024-06-04 12:49:22,5,0.19,169.7
2024-06-04 12:49:26,10,0.1,174.7
2024-06-04 12:49:31,15,0.17,48.1
2024-06-04 12:49:35,20,0.13,61.7
2024-06-04 12:49:40,25,0.1,219.6
2024-06-04 12:49:44,30,0.08,204.4
2024-06-04 12:49:48,35,0.06,260.2
2024-06-04 12:49:52,40,0.09,281.9
2024-06-04 12:49:56,45,0.08,275.8
2024-06-04 12:50:01,50,0.16,31.9
2024-06-04 12:50:05,55,0.07,225.5
2024-06-04 12:50:09,60,0.13,109.6
2024-06-04 12:50:13,65,0.16,291.5
2024-06-04 12:50:17,70,0.15,64.9
2024-06-04 12:50:22,75,0.07,124.4
2024-06-04 12:51:02,0,0.11,195.1
2024-06-04 12:51:06,5,0.05,169.8
2024-06-04 12:51:11,10,0.04,187.3
2024-06-04 12:51:15,15,0.04,118.3
2024-06-04 12:51:19,20,0.07,165.0
2024-06-04 12:51:23,25,0.11,185.7
2024-06-04 12:51:27,30,0.08,153.5
2024-06-04 12:51:31,35,0.08,121.1
2024-06-04 12:51:35,40,0.07,123.9
2024-06-04 12:51:39,45,0.06,166.1
2024-06-04 12:51:44,50,0.08,114.9
2024-06-04 12:51:48,55,0.05,62.7
2024-06-04 12:59:31,0,0.1,206.7
2024-06-04 12:59:35,5,0.14,129.5
2024-06-04 12:59:40,10,0.05,78.7
2024-06-04 12:59:44,15,0.05,69.0
2024-06-04 12:59:49,20,0.04,110.8
2024-06-04 12:59:53,25,0.06,83.3
2024-06-04 12:59:57,30,0.07,120.4
2024-06-04 13:00:02,35,0.07,102.0
2024-06-04 13:00:06,40,0.06,203.0
2024-06-04 13:00:11,45,0.06,106.5
2024-06-04 13:00:15,50,0.07,81.1
2024-06-04 13:00:19,55,0.09,156.6
2024-06-04 13:00:45,0,0.16,80.6
2024-06-04 13:00:49,5,0.07,59.1
2024-06-04 13:00:54,10,0.07,60.0
2024-06-04 13:00:58,15,0.09,62.5
2024-06-04 13:01:02,20,0.08,80.0
2024-06-04 13:01:07,25,0.14,69.2
2024-06-04 13:01:11,30,0.15,59.7
2024-06-04 13:01:16,35,0.14,89.2
2024-06-04 13:01:20,40,0.13,15.4
2024-06-04 13:01:25,45,0.09,268.8
2024-06-04 13:01:29,50,0.11,296.0
2024-06-04 13:01:33,55,0.11,312.6
2024-06-04 13:01:38,60,0.06,265.5
2024-06-04 13:01:42,65,0.06,248.5
2024-06-04 13:01:47,70,0.06,301.3
2024-06-04 13:01:51,75,0.08,265.0
2024-06-04 13:01:55,80,0.07,242.6
2024-06-04 13:02:00,85,0.07,205.9
2024-06-04 13:02:04,90,0.11,180.1
2024-06-04 13:02:09,95,0.14,126.0
2024-06-04 13:02:13,100,0.09,88.1
2024-06-04 13:02:17,105,0.11,92.5
2024-06-04 13:07:40,0,0.09,149.0
2024-06-04 13:07:49,5,0.1,212.7
2024-06-04 13:07:58,10,0.07,160.0
2024-06-04 13:08:59,0,0.05,192.0
2024-06-04 13:09:08,5,0.04,271.0
2024-06-04 13:09:17,10,0.06,251.2
2024-06-04 13:09:21,15,0.07,198.4
2024-06-04 13:09:50,0,0.13,231.4
2024-06-04 13:09:54,5,0.13,231.6
2024-06-04 13:09:59,10,0.11,225.9
2024-06-04 13:10:03,15,0.06,194.8
2024-06-04 13:10:07,20,0.07,207.0
2024-06-04 13:10:12,25,0.08,199.1
2024-06-04 13:10:16,30,0.07,255.4
2024-06-04 13:10:21,35,0.05,223.8
2024-06-04 13:10:25,40,0.08,300.1
2024-06-04 13:10:29,45,0.1,278.1
2024-06-04 13:10:34,50,0.08,180.6
2024-06-04 13:21:00,0,0.1,318.5
2024-06-04 13:21:04,5,0.14,209.5
2024-06-04 13:21:07,10,-1,-1
2024-06-04 13:44:12,0,0.08,326.4
2024-06-04 13:44:16,5,0.06,306.5
2024-06-04 13:44:20,10,0.11,330.0
2024-06-04 13:44:25,15,0.09,173.9
2024-06-04 13:44:29,20,0.12,98.8
2024-06-04 13:44:34,25,0.1,164.0
2024-06-04 13:44:38,30,0.12,172.7
2024-06-04 13:44:42,35,0.13,130.2
2024-06-04 13:44:47,40,0.07,63.4
2024-06-04 13:44:51,45,0.14,25.5
2024-06-04 13:44:56,50,0.1,37.7
2024-06-04 13:45:00,55,0.09,20.9
2024-06-04 13:45:05,60,0.09,34.6
2024-06-04 13:45:09,65,0.11,35.3
2024-06-04 13:45:13,70,0.07,161.3
2024-06-04 13:45:18,75,0.06,74.7
2024-06-04 13:45:22,80,0.04,71.1
2024-06-04 13:45:27,85,0.09,117.7
2024-06-04 13:45:31,90,0.08,65.6
2024-06-04 14:29:57,0,0.08,192.5
2024-06-04 14:30:04,5,0.13,192.7
2024-06-04 14:30:12,10,0.15,223.9
2024-06-04 14:30:19,15,0.13,177.6
2024-06-04 14:30:27,20,1.14,177.6
2024-06-04 14:30:35,25,0.26,195.4
2024-06-04 14:30:42,30,0.16,223.7
2024-06-04 14:46:25,0,0.08,139.1
2024-06-04 14:46:33,5,0.1,208.2
2024-06-04 14:46:40,10,0.11,192.8
2024-06-04 14:46:48,15,19.31,246.1
2024-06-04 14:46:56,20,4.46,263.7
2024-06-04 14:47:03,25,0.58,269.6
2024-06-04 14:47:11,30,0.1,283.8
2024-06-04 14:47:18,35,0.04,234.8
2024-06-04 14:47:26,40,0.07,266.9
2024-06-04 14:47:34,45,0.12,254.6
2024-06-04 14:47:41,50,0.09,123.6
2024-06-04 14:47:49,55,0.08,222.2
2024-06-04 14:47:56,60,0.07,99.5
2024-06-04 14:48:04,65,0.07,158.1
2024-06-04 14:48:11,70,0.08,91.7
2024-06-04 14:48:19,75,0.07,116.6
2024-06-04 14:48:27,80,0.07,112.5
2024-06-04 14:48:34,85,0.1,36.7
2024-06-04 14:48:42,90,0.07,131.9
2024-06-04 14:48:49,95,0.05,185.7
2024-06-04 14:48:57,100,0.06,120.9
2024-06-04 14:49:04,105,0.09,274.5
2024-06-04 14:49:12,110,0.08,107.7
2024-06-04 14:49:20,115,0.06,172.8
2024-06-04 14:49:27,120,0.07,149.7
2024-06-04 14:49:35,125,0.07,105.0
2024-06-04 14:49:42,130,0.12,24.1
2024-06-04 14:49:50,135,0.12,115.9
2024-06-04 14:49:58,140,0.06,109.1
2024-06-04 14:50:05,145,0.08,151.2
2024-06-04 14:50:13,150,0.1,269.7
2024-06-04 14:50:20,155,0.06,177.9
2024-06-04 14:50:28,160,0.1,69.0
2024-06-04 14:50:35,165,0.1,117.4
2024-06-04 14:50:40,170,-1,-1
2024-06-04 14:53:43,0,0.4,56.8
2024-06-04 14:53:51,5,0.23,70.9
2024-06-04 14:53:59,10,0.18,75.0
2024-06-04 14:54:06,15,0.11,293.1
2024-06-04 14:54:14,20,0.09,55.0
2024-06-04 14:54:21,25,0.15,52.6
2024-06-04 14:54:29,30,0.18,59.0
2024-06-04 14:55:41,0,0.04,191.1
2024-06-04 14:55:48,5,0.08,273.5
2024-06-04 14:55:56,10,0.16,58.7
2024-06-04 14:56:04,15,0.1,78.0
2024-06-04 14:56:11,20,0.12,252.4
2024-06-04 14:56:19,25,0.1,165.6
2024-06-04 14:56:26,30,0.14,154.9
2024-06-04 14:56:34,35,0.15,68.7
2024-06-04 14:57:27,0,0.11,277.8
2024-06-04 14:57:34,5,0.12,325.6
2024-06-04 14:57:42,10,0.11,291.1
2024-06-04 14:57:50,15,0.08,252.3
2024-06-04 14:57:57,20,0.09,323.9
2024-06-04 14:58:05,25,0.06,154.0
2024-06-04 14:58:12,30,0.17,99.9
2024-06-04 14:58:20,35,0.15,84.2
2024-06-04 14:58:28,40,0.12,116.1
2024-06-04 14:58:35,45,0.17,124.9
2024-06-04 14:58:43,50,0.12,76.4
2024-06-04 14:58:50,55,0.13,165.3
2024-06-04 14:58:58,60,0.05,77.7
2024-06-04 14:59:05,65,0.04,205.9
2024-06-04 14:59:13,70,0.08,101.3
2024-06-04 14:59:21,75,0.12,123.8
2024-06-04 14:59:28,80,0.1,110.4
2024-06-04 14:59:36,85,0.19,207.8
2024-06-04 14:59:43,90,0.18,286.3
2024-06-04 14:59:51,95,0.11,166.0
2024-06-04 14:59:59,100,0.09,153.2
2024-06-04 15:00:06,105,0.08,66.7
2024-06-04 15:00:14,110,0.2,191.5
2024-06-04 15:00:21,115,0.19,197.3
2024-06-04 15:00:29,120,0.08,195.5
2024-06-04 15:00:36,125,0.09,93.5
2024-06-04 15:00:44,130,0.14,60.9
2024-06-04 15:00:52,135,0.07,84.9
2024-06-04 15:00:59,140,0.07,120.2
2024-06-04 15:01:07,145,0.18,206.1
2024-06-04 15:01:14,150,0.17,221.5
2024-06-04 15:01:22,155,0.13,94.2
2024-06-04 15:01:30,160,0.15,86.4
2024-06-04 15:01:37,165,0.08,62.2
2024-06-04 15:01:45,170,0.08,64.2
2024-06-04 15:01:52,175,0.11,212.3
2024-06-04 15:02:00,180,0.08,257.3
2024-06-04 15:02:07,185,0.11,243.3
2024-06-04 15:02:15,190,0.07,270.2
2024-06-04 15:02:23,195,0.06,74.5
2024-06-04 15:02:30,200,0.09,236.1
2024-06-04 15:02:38,205,0.14,301.1
2024-06-04 15:02:45,210,0.16,317.5
2024-06-04 15:02:53,215,0.16,321.1
2024-06-04 15:03:01,220,0.07,325.6
2024-06-04 15:03:08,225,0.11,347.7
2024-06-04 15:03:16,230,0.05,250.1
2024-06-04 15:03:23,235,0.16,312.9
2024-06-04 15:03:31,240,0.14,331.8
2024-06-04 15:03:38,245,0.08,265.9
2024-06-04 15:03:46,250,0.1,250.3
2024-06-04 15:03:54,255,0.09,150.9
2024-06-04 15:12:08,0,0.14,62.4
2024-06-04 15:12:16,5,0.11,48.8
2024-06-04 15:12:23,10,0.06,143.7
2024-06-04 15:12:31,15,0.16,76.1
2024-06-04 15:12:38,20,0.12,94.1
2024-06-04 15:12:46,25,0.08,238.7
2024-06-04 15:12:53,30,0.16,303.5
2024-06-04 15:13:01,35,0.15,314.7
2024-06-04 15:13:09,40,0.19,325.7
2024-06-04 15:13:16,45,0.13,322.3
2024-06-04 15:13:24,50,0.15,342.7
2024-06-04 15:13:31,55,0.13,295.2
2024-06-04 15:13:39,60,0.18,100.8
2024-06-04 15:13:47,65,0.19,185.1
2024-06-04 15:13:54,70,0.1,99.4
2024-06-04 15:14:02,75,0.05,217.5
2024-06-04 15:14:09,80,0.07,237.9
2024-06-04 15:14:17,85,0.06,177.9
2024-06-04 15:14:24,90,0.06,181.3
2024-06-04 15:14:32,95,0.12,185.4
2024-06-04 15:14:40,100,0.08,74.5
2024-06-04 15:14:47,105,0.1,187.9
2024-06-04 15:14:55,110,0.09,56.7
2024-06-04 15:15:02,115,0.13,85.4
2024-06-04 15:15:10,120,0.18,38.2
2024-06-04 15:15:18,125,0.17,30.1
2024-06-04 15:15:25,130,0.17,28.8
2024-06-04 15:15:33,135,0.16,17.3
2024-06-04 15:15:40,140,0.24,52.7
2024-06-04 15:15:48,145,0.2,46.4
2024-06-04 15:15:56,150,0.12,29.9
2024-06-04 15:16:03,155,0.16,50.7
2024-06-04 15:16:11,160,0.11,208.0
2024-06-04 15:16:18,165,0.1,202.5
2024-06-04 15:16:26,170,0.09,279.2
2024-06-04 15:16:33,175,0.08,79.8
2024-06-04 15:16:41,180,0.11,94.7
2024-06-04 15:16:49,185,0.19,83.7
2024-06-04 15:16:56,190,0.2,101.5
2024-06-04 15:17:04,195,0.2,96.8
2024-06-04 15:17:11,200,0.17,106.7
2024-06-04 15:17:19,205,0.16,131.1
2024-06-04 15:17:27,210,0.16,118.3
2024-06-04 15:17:34,215,0.2,101.9
2024-06-04 15:17:42,220,0.17,124.6
2024-06-04 15:17:49,225,0.14,98.6
2024-06-04 15:17:57,230,0.15,113.5
2024-06-04 15:18:04,235,0.08,127.7
2024-06-04 15:18:12,240,0.09,125.2
2024-06-04 15:18:20,245,0.05,138.3
2024-06-04 15:18:27,250,0.17,329.8
2024-06-04 15:18:35,255,0.15,339.3
2024-06-04 15:18:42,260,0.07,95.4
2024-06-04 15:18:50,265,0.06,56.3
2024-06-04 15:18:58,270,0.12,156.6
2024-06-04 15:19:05,275,0.12,131.1
2024-06-04 15:19:13,280,0.21,198.2
2024-06-04 15:19:20,285,0.2,210.1
2024-06-04 15:19:28,290,0.14,197.1
2024-06-04 15:19:35,295,0.14,194.7
2024-06-04 15:19:43,300,0.18,207.3
2024-06-04 15:19:51,305,0.14,212.6
2024-06-04 15:19:58,310,0.12,64.6
2024-06-04 15:20:06,315,0.05,160.7
2024-06-04 15:20:13,320,0.09,68.2
2024-06-04 15:20:21,325,0.12,38.3
2024-06-04 15:20:29,330,0.08,128.2
2024-06-04 15:20:36,335,0.12,193.7
2024-06-04 15:20:44,340,0.09,252.6
2024-06-04 15:20:51,345,0.13,131.8
2024-06-04 15:20:59,350,0.11,57.1
2024-06-04 15:21:06,355,0.08,193.8
2024-06-04 15:45:14,0,1.91,179.7
2024-06-04 15:45:22,5,1.89,185.5
2024-06-04 15:45:29,10,1.74,184.3
2024-06-04 15:45:37,15,1.62,193.3
2024-06-04 15:45:44,20,1.75,199.7
2024-06-04 15:45:52,25,1.53,198.1
2024-06-04 15:46:00,30,1.38,206.5
2024-06-04 15:46:07,35,1.22,213.9
2024-06-04 15:46:15,40,1.31,219.7
2024-06-04 15:46:22,45,1.24,226.4
2024-06-04 15:46:30,50,1.28,232.4
2024-06-04 15:46:37,55,1.23,232.0
2024-06-04 15:46:45,60,1.48,234.3
2024-06-04 15:46:53,65,1.62,241.5
2024-06-04 15:47:00,70,1.6,243.8
2024-06-04 15:47:08,75,1.66,250.7
2024-06-04 15:47:15,80,1.46,252.3
2024-06-04 15:47:23,85,1.53,257.4
2024-06-04 15:47:31,90,1.82,262.7
2024-06-04 15:47:38,95,1.92,267.2
2024-06-04 15:47:46,100,1.79,268.9
2024-06-04 15:47:53,105,1.52,271.7
2024-06-04 15:48:01,110,1.5,277.2
2024-06-04 15:48:09,115,1.64,280.2
2024-06-04 15:48:16,120,1.73,288.4
2024-06-04 15:48:24,125,1.53,296.4
2024-06-04 15:48:31,130,1.31,306.2
2024-06-04 15:48:39,135,1.29,314.4
2024-06-04 15:48:46,140,1.11,316.9
2024-06-04 15:48:54,145,1.15,324.3
2024-06-04 15:49:02,150,1.36,336.6
2024-06-04 15:49:09,155,1.43,339.3
2024-06-04 15:49:17,160,1.59,343.1
2024-06-04 15:49:24,165,1.61,346.1
2024-06-04 15:49:32,170,1.43,351.0
2024-06-04 15:49:40,175,1.44,247.9
2024-06-04 15:49:47,180,1.78,97.6
2024-06-04 15:49:55,185,1.97,14.8
2024-06-04 15:50:02,190,1.84,8.8
2024-06-04 15:50:10,195,2.01,11.2
2024-06-04 15:50:17,200,1.69,14.8
2024-06-04 15:50:25,205,1.81,22.3
2024-06-04 15:50:33,210,1.8,29.5
2024-06-04 15:50:40,215,2.02,30.6
2024-06-04 15:50:48,220,2.07,29.3
2024-06-04 15:50:55,225,1.67,34.8
2024-06-04 15:51:03,230,1.41,46.4
2024-06-04 15:51:11,235,1.5,46.6
2024-06-04 15:51:18,240,1.49,55.3
2024-06-04 15:51:26,245,1.56,58.9
2024-06-04 15:51:33,250,1.52,63.6
2024-06-04 15:51:41,255,1.46,66.5
2024-06-04 15:51:48,260,1.45,74.1
2024-06-04 15:51:56,265,1.44,80.7
2024-06-04 15:52:04,270,1.6,88.3
2024-06-04 15:52:11,275,1.3,97.0
2024-06-04 15:52:19,280,1.58,96.6
2024-06-04 15:52:26,285,1.57,106.5
2024-06-04 15:52:34,290,1.56,110.5
2024-06-04 15:52:42,295,1.61,114.0
2024-06-04 15:52:49,300,1.46,117.8
2024-06-04 15:52:57,305,1.6,115.6
2024-06-04 15:53:04,310,1.48,126.8
2024-06-04 15:53:12,315,1.37,131.3
2024-06-04 15:53:19,320,1.41,139.4
2024-06-04 15:53:27,325,1.38,149.6
2024-06-04 15:53:35,330,1.34,151.1
2024-06-04 15:53:42,335,1.23,152.8
2024-06-04 15:53:50,340,1.45,161.0
2024-06-04 15:53:57,345,1.5,164.7
2024-06-04 15:54:05,350,1.44,168.5
2024-06-04 15:54:13,355,1.71,174.7
2024-06-04 15:59:46,0,1.79,54.4
2024-06-04 15:59:58,5,1.83,8.9
2024-06-04 16:00:09,10,1.77,12.2
2024-06-04 16:00:21,15,1.35,16.6
2024-06-04 16:00:33,20,1.3,17.7
2024-06-04 16:00:44,25,1.54,21.4
2024-06-04 16:00:56,30,1.52,26.7
2024-06-04 16:01:07,35,1.29,30.6
2024-06-04 16:01:19,40,1.29,34.7
2024-06-04 16:01:31,45,1.44,47.4
2024-06-04 16:01:42,50,1.84,47.7
2024-06-04 16:01:54,55,1.6,58.3
2024-06-04 16:02:06,60,2.15,56.8
2024-06-04 16:02:17,65,2.0,62.7
2024-06-04 16:02:29,70,1.55,67.3
2024-06-04 16:02:40,75,1.6,68.4
2024-06-04 16:02:52,80,1.5,69.7
2024-06-04 16:03:03,85,1.58,78.5
2024-06-04 16:03:15,90,1.94,86.0
2024-06-04 16:03:26,95,1.33,94.5
2024-06-04 16:03:38,100,1.52,93.9
2024-06-04 16:03:49,105,1.44,100.0
2024-06-04 16:04:01,110,1.57,107.8
2024-06-04 16:04:12,115,1.2,120.1
2024-06-04 16:04:24,120,1.25,120.8
2024-06-04 16:04:35,125,1.0,125.8
2024-06-04 16:04:47,130,1.09,130.9
2024-06-04 16:04:59,135,1.21,143.5
2024-06-04 16:05:10,140,0.89,145.4
2024-06-04 16:05:22,145,1.21,147.1
2024-06-04 16:05:34,150,1.41,151.5
2024-06-04 16:05:45,155,1.44,153.2
2024-06-04 16:05:57,160,1.57,158.3
2024-06-04 16:06:08,165,1.46,160.6
2024-06-04 16:06:20,170,1.93,169.0
2024-06-04 16:06:32,175,1.72,177.5
2024-06-04 16:06:43,180,1.68,182.3
2024-06-04 16:06:55,185,1.48,182.1
2024-06-04 16:07:06,190,1.38,188.4
2024-06-04 16:07:18,195,1.4,192.0
2024-06-04 16:07:29,200,1.42,196.9
2024-06-04 16:07:41,205,1.92,204.3
2024-06-04 16:07:52,210,1.51,209.4
2024-06-04 16:08:04,215,1.38,214.7
2024-06-04 16:08:15,220,1.21,216.5
2024-06-04 16:08:27,225,1.59,220.9
2024-06-04 16:08:38,230,1.63,224.9
2024-06-04 16:08:49,235,1.83,231.5
2024-06-04 16:09:01,240,1.67,239.6
2024-06-04 16:09:12,245,1.73,242.8
2024-06-04 16:09:24,250,1.73,249.2
2024-06-04 16:09:35,255,1.84,250.3
2024-06-04 16:09:47,260,1.77,253.4
2024-06-04 16:09:58,265,1.75,258.9
2024-06-04 16:10:10,270,1.47,265.6
2024-06-04 16:10:21,275,1.4,271.9
2024-06-04 16:10:33,280,2.03,270.1
2024-06-04 16:10:44,285,1.85,276.8
2024-06-04 16:10:55,290,1.96,280.2
2024-06-04 16:11:07,295,1.22,298.0
2024-06-04 16:11:18,300,1.17,306.3
2024-06-04 16:11:30,305,1.14,306.1
2024-06-04 16:11:42,310,1.47,307.1
2024-06-04 16:11:53,315,1.14,315.5
2024-06-04 16:12:05,320,1.69,316.2
2024-06-04 16:12:16,325,1.14,322.8
2024-06-04 16:12:28,330,1.14,331.2
2024-06-04 16:12:39,335,1.29,336.0
2024-06-04 16:12:50,340,1.01,340.2
2024-06-04 16:13:02,345,1.6,343.4
2024-06-04 16:13:13,350,1.83,349.3
2024-06-04 16:13:25,355,1.92,353.4
2024-06-04 16:17:01,0,2.23,249.3
2024-06-04 16:17:13,5,1.49,103.0
2024-06-04 16:17:24,10,2.09,14.9
2024-06-04 16:18:52,0,2.06,216.3
2024-06-04 16:19:04,5,1.81,62.1
2024-06-04 16:19:15,10,2.09,15.2
2024-06-04 16:19:27,15,1.39,15.9
2024-06-04 16:19:39,20,1.5,17.3
